date,index_id,close,return,source_url,collected_at
2023-07-21,SOX,3698.85,,https://finance.yahoo.com/quote/%5ESOX,2026-07-20T21:56:17+09:00
2023-07-24,SOX,3692.32,-0.001765,https://finance.yahoo.com/quote/%5ESOX,2026-07-20T21:56:17+09:00
2023-07-25,SOX,3755.27,0.017049,https://finance.yahoo.com/quote/%5ESOX,2026-07-20T21:56:17+09:00
2023-07-26,SOX,3699.37,-0.014886,https://finance.yahoo.com/quote/%5ESOX,2026-07-20T21:56:17+09:00
2023-07-27,SOX,3768.27,0.018625,https://finance.yahoo.com/quote/%5ESOX,2026-07-20T21:56:17+09:00
2023-07-28,SOX,3851.76,0.022156,https://finance.yahoo.com/quote/%5ESOX,2026-07-20T21:56:17+09:00
2023-07-31,SOX,3861.63,0.002562,https://finance.yahoo.com/quote/%5ESOX,2026-07-20T21:56:17+09:00
2023-08-01,SOX,3858.21,-0.000886,https://finance.yahoo.com/quote/%5ESOX,2026-07-20T21:56:17+09:00
2023-08-02,SOX,3711.6,-0.037999,https://finance.yahoo.com/quote/%5ESOX,2026-07-20T21:56:17+09:00
2023-08-03,SOX,3708.08,-0.000948,https://finance.yahoo.com/quote/%5ESOX,2026-07-20T21:56:17+09:00
2023-08-04,SOX,3699.2,-0.002395,https://finance.yahoo.com/quote/%5ESOX,2026-07-20T21:56:17+09:00
2023-08-07,SOX,3739.41,0.01087,https://finance.yahoo.com/quote/%5ESOX,2026-07-20T21:56:17+09:00
2023-08-08,SOX,3679.42,-0.016043,https://finance.yahoo.com/quote/%5ESOX,2026-07-20T21:56:17+09:00
2023-08-09,SOX,3610.48,-0.018737,https://finance.yahoo.com/quote/%5ESOX,2026-07-20T21:56:17+09:00
2023-08-10,SOX,3597.02,-0.003728,https://finance.yahoo.com/quote/%5ESOX,2026-07-20T21:56:17+09:00
2023-08-11,SOX,3514.55,-0.022927,https://finance.yahoo.com/quote/%5ESOX,2026-07-20T21:56:17+09:00
2023-08-14,SOX,3615.45,0.028709,https://finance.yahoo.com/quote/%5ESOX,2026-07-20T21:56:17+09:00
2023-08-15,SOX,3553.96,-0.017008,https://finance.yahoo.com/quote/%5ESOX,2026-07-20T21:56:17+09:00
2023-08-16,SOX,3480.08,-0.020788,https://finance.yahoo.com/quote/%5ESOX,2026-07-20T21:56:17+09:00
2023-08-17,SOX,3446.35,-0.009692,https://finance.yahoo.com/quote/%5ESOX,2026-07-20T21:56:17+09:00
2023-08-18,SOX,3462.74,0.004756,https://finance.yahoo.com/quote/%5ESOX,2026-07-20T21:56:17+09:00
2023-08-21,SOX,3560.74,0.028301,https://finance.yahoo.com/quote/%5ESOX,2026-07-20T21:56:17+09:00
2023-08-22,SOX,3527.69,-0.009282,https://finance.yahoo.com/quote/%5ESOX,2026-07-20T21:56:17+09:00
2023-08-23,SOX,3602.01,0.021068,https://finance.yahoo.com/quote/%5ESOX,2026-07-20T21:56:17+09:00
2023-08-24,SOX,3481.3,-0.033512,https://finance.yahoo.com/quote/%5ESOX,2026-07-20T21:56:17+09:00
2023-08-25,SOX,3495.65,0.004122,https://finance.yahoo.com/quote/%5ESOX,2026-07-20T21:56:17+09:00
2023-08-28,SOX,3537.87,0.012078,https://finance.yahoo.com/quote/%5ESOX,2026-07-20T21:56:17+09:00
2023-08-29,SOX,3629.57,0.02592,https://finance.yahoo.com/quote/%5ESOX,2026-07-20T21:56:17+09:00
2023-08-30,SOX,3643.92,0.003954,https://finance.yahoo.com/quote/%5ESOX,2026-07-20T21:56:17+09:00
2023-08-31,SOX,3670.93,0.007412,https://finance.yahoo.com/quote/%5ESOX,2026-07-20T21:56:17+09:00
2023-09-01,SOX,3682.84,0.003244,https://finance.yahoo.com/quote/%5ESOX,2026-07-20T21:56:17+09:00
2023-09-05,SOX,3683.79,0.000258,https://finance.yahoo.com/quote/%5ESOX,2026-07-20T21:56:17+09:00
2023-09-06,SOX,3654.46,-0.007962,https://finance.yahoo.com/quote/%5ESOX,2026-07-20T21:56:17+09:00
2023-09-07,SOX,3582.11,-0.019798,https://finance.yahoo.com/quote/%5ESOX,2026-07-20T21:56:17+09:00
2023-09-08,SOX,3565.99,-0.0045,https://finance.yahoo.com/quote/%5ESOX,2026-07-20T21:56:17+09:00
2023-09-11,SOX,3569.23,0.000909,https://finance.yahoo.com/quote/%5ESOX,2026-07-20T21:56:17+09:00
2023-09-12,SOX,3541.09,-0.007884,https://finance.yahoo.com/quote/%5ESOX,2026-07-20T21:56:17+09:00
2023-09-13,SOX,3560.46,0.00547,https://finance.yahoo.com/quote/%5ESOX,2026-07-20T21:56:17+09:00
2023-09-14,SOX,3584.23,0.006676,https://finance.yahoo.com/quote/%5ESOX,2026-07-20T21:56:17+09:00
2023-09-15,SOX,3476.39,-0.030087,https://finance.yahoo.com/quote/%5ESOX,2026-07-20T21:56:17+09:00
2023-09-18,SOX,3492.47,0.004626,https://finance.yahoo.com/quote/%5ESOX,2026-07-20T21:56:17+09:00
2023-09-19,SOX,3459.02,-0.009578,https://finance.yahoo.com/quote/%5ESOX,2026-07-20T21:56:17+09:00
2023-09-20,SOX,3398.81,-0.017407,https://finance.yahoo.com/quote/%5ESOX,2026-07-20T21:56:17+09:00
2023-09-21,SOX,3338.85,-0.017641,https://finance.yahoo.com/quote/%5ESOX,2026-07-20T21:56:17+09:00
2023-09-22,SOX,3365.29,0.007919,https://finance.yahoo.com/quote/%5ESOX,2026-07-20T21:56:17+09:00
2023-09-25,SOX,3389.46,0.007182,https://finance.yahoo.com/quote/%5ESOX,2026-07-20T21:56:17+09:00
2023-09-26,SOX,3329.62,-0.017655,https://finance.yahoo.com/quote/%5ESOX,2026-07-20T21:56:17+09:00
2023-09-27,SOX,3361.41,0.009548,https://finance.yahoo.com/quote/%5ESOX,2026-07-20T21:56:17+09:00
2023-09-28,SOX,3420.99,0.017725,https://finance.yahoo.com/quote/%5ESOX,2026-07-20T21:56:17+09:00
2023-09-29,SOX,3434.29,0.003888,https://finance.yahoo.com/quote/%5ESOX,2026-07-20T21:56:17+09:00
2023-10-02,SOX,3448.85,0.00424,https://finance.yahoo.com/quote/%5ESOX,2026-07-20T21:56:17+09:00
2023-10-03,SOX,3376.58,-0.020955,https://finance.yahoo.com/quote/%5ESOX,2026-07-20T21:56:17+09:00
2023-10-04,SOX,3424.92,0.014316,https://finance.yahoo.com/quote/%5ESOX,2026-07-20T21:56:17+09:00
2023-10-05,SOX,3406.98,-0.005238,https://finance.yahoo.com/quote/%5ESOX,2026-07-20T21:56:17+09:00
2023-10-06,SOX,3475.21,0.020027,https://finance.yahoo.com/quote/%5ESOX,2026-07-20T21:56:17+09:00
2023-10-09,SOX,3467.35,-0.002262,https://finance.yahoo.com/quote/%5ESOX,2026-07-20T21:56:17+09:00
2023-10-10,SOX,3512.07,0.012897,https://finance.yahoo.com/quote/%5ESOX,2026-07-20T21:56:17+09:00
2023-10-11,SOX,3537.83,0.007335,https://finance.yahoo.com/quote/%5ESOX,2026-07-20T21:56:17+09:00
2023-10-12,SOX,3548.62,0.00305,https://finance.yahoo.com/quote/%5ESOX,2026-07-20T21:56:17+09:00
2023-10-13,SOX,3452.97,-0.026954,https://finance.yahoo.com/quote/%5ESOX,2026-07-20T21:56:17+09:00
2023-10-16,SOX,3502.51,0.014347,https://finance.yahoo.com/quote/%5ESOX,2026-07-20T21:56:17+09:00
2023-10-17,SOX,3474.66,-0.007951,https://finance.yahoo.com/quote/%5ESOX,2026-07-20T21:56:17+09:00
2023-10-18,SOX,3413.45,-0.017616,https://finance.yahoo.com/quote/%5ESOX,2026-07-20T21:56:17+09:00
2023-10-19,SOX,3367.77,-0.013382,https://finance.yahoo.com/quote/%5ESOX,2026-07-20T21:56:17+09:00
2023-10-20,SOX,3316.14,-0.015331,https://finance.yahoo.com/quote/%5ESOX,2026-07-20T21:56:17+09:00
2023-10-23,SOX,3298.54,-0.005307,https://finance.yahoo.com/quote/%5ESOX,2026-07-20T21:56:17+09:00
2023-10-24,SOX,3343.94,0.013764,https://finance.yahoo.com/quote/%5ESOX,2026-07-20T21:56:17+09:00
2023-10-25,SOX,3205.84,-0.041299,https://finance.yahoo.com/quote/%5ESOX,2026-07-20T21:56:17+09:00
2023-10-26,SOX,3188.42,-0.005434,https://finance.yahoo.com/quote/%5ESOX,2026-07-20T21:56:17+09:00
2023-10-27,SOX,3227.09,0.012128,https://finance.yahoo.com/quote/%5ESOX,2026-07-20T21:56:17+09:00
2023-10-30,SOX,3185.18,-0.012987,https://finance.yahoo.com/quote/%5ESOX,2026-07-20T21:56:17+09:00
2023-10-31,SOX,3215.89,0.009642,https://finance.yahoo.com/quote/%5ESOX,2026-07-20T21:56:17+09:00
2023-11-01,SOX,3290.95,0.02334,https://finance.yahoo.com/quote/%5ESOX,2026-07-20T21:56:17+09:00
2023-11-02,SOX,3368.54,0.023577,https://finance.yahoo.com/quote/%5ESOX,2026-07-20T21:56:17+09:00
2023-11-03,SOX,3454.57,0.025539,https://finance.yahoo.com/quote/%5ESOX,2026-07-20T21:56:17+09:00
2023-11-06,SOX,3444.89,-0.002802,https://finance.yahoo.com/quote/%5ESOX,2026-07-20T21:56:17+09:00
2023-11-07,SOX,3471.46,0.007713,https://finance.yahoo.com/quote/%5ESOX,2026-07-20T21:56:17+09:00
2023-11-08,SOX,3472.67,0.000349,https://finance.yahoo.com/quote/%5ESOX,2026-07-20T21:56:17+09:00
2023-11-09,SOX,3452.34,-0.005854,https://finance.yahoo.com/quote/%5ESOX,2026-07-20T21:56:17+09:00
2023-11-10,SOX,3591.74,0.040378,https://finance.yahoo.com/quote/%5ESOX,2026-07-20T21:56:17+09:00
2023-11-13,SOX,3556.75,-0.009742,https://finance.yahoo.com/quote/%5ESOX,2026-07-20T21:56:17+09:00
2023-11-14,SOX,3685.57,0.036218,https://finance.yahoo.com/quote/%5ESOX,2026-07-20T21:56:17+09:00
2023-11-15,SOX,3712.09,0.007196,https://finance.yahoo.com/quote/%5ESOX,2026-07-20T21:56:17+09:00
2023-11-16,SOX,3724.1,0.003235,https://finance.yahoo.com/quote/%5ESOX,2026-07-20T21:56:17+09:00
2023-11-17,SOX,3748.65,0.006592,https://finance.yahoo.com/quote/%5ESOX,2026-07-20T21:56:17+09:00
2023-11-20,SOX,3805.81,0.015248,https://finance.yahoo.com/quote/%5ESOX,2026-07-20T21:56:17+09:00
2023-11-21,SOX,3732.79,-0.019186,https://finance.yahoo.com/quote/%5ESOX,2026-07-20T21:56:17+09:00
2023-11-22,SOX,3744.96,0.00326,https://finance.yahoo.com/quote/%5ESOX,2026-07-20T21:56:17+09:00
2023-11-24,SOX,3747.93,0.000793,https://finance.yahoo.com/quote/%5ESOX,2026-07-20T21:56:17+09:00
2023-11-27,SOX,3739.31,-0.0023,https://finance.yahoo.com/quote/%5ESOX,2026-07-20T21:56:17+09:00
2023-11-28,SOX,3718.35,-0.005605,https://finance.yahoo.com/quote/%5ESOX,2026-07-20T21:56:17+09:00
2023-11-29,SOX,3753.36,0.009415,https://finance.yahoo.com/quote/%5ESOX,2026-07-20T21:56:17+09:00
2023-11-30,SOX,3724.58,-0.007668,https://finance.yahoo.com/quote/%5ESOX,2026-07-20T21:56:17+09:00
2023-12-01,SOX,3738.27,0.003676,https://finance.yahoo.com/quote/%5ESOX,2026-07-20T21:56:17+09:00
2023-12-04,SOX,3693.44,-0.011992,https://finance.yahoo.com/quote/%5ESOX,2026-07-20T21:56:17+09:00
2023-12-05,SOX,3672.4,-0.005697,https://finance.yahoo.com/quote/%5ESOX,2026-07-20T21:56:17+09:00
2023-12-06,SOX,3645.82,-0.007238,https://finance.yahoo.com/quote/%5ESOX,2026-07-20T21:56:17+09:00
2023-12-07,SOX,3747.54,0.0279,https://finance.yahoo.com/quote/%5ESOX,2026-07-20T21:56:17+09:00
2023-12-08,SOX,3774.17,0.007106,https://finance.yahoo.com/quote/%5ESOX,2026-07-20T21:56:17+09:00
2023-12-11,SOX,3902.39,0.033973,https://finance.yahoo.com/quote/%5ESOX,2026-07-20T21:56:17+09:00
2023-12-12,SOX,3930.18,0.007121,https://finance.yahoo.com/quote/%5ESOX,2026-07-20T21:56:17+09:00
2023-12-13,SOX,3990.95,0.015462,https://finance.yahoo.com/quote/%5ESOX,2026-07-20T21:56:17+09:00
2023-12-14,SOX,4097.47,0.02669,https://finance.yahoo.com/quote/%5ESOX,2026-07-20T21:56:17+09:00
2023-12-15,SOX,4117.0,0.004766,https://finance.yahoo.com/quote/%5ESOX,2026-07-20T21:56:17+09:00
2023-12-18,SOX,4103.79,-0.003209,https://finance.yahoo.com/quote/%5ESOX,2026-07-20T21:56:17+09:00
2023-12-19,SOX,4125.56,0.005305,https://finance.yahoo.com/quote/%5ESOX,2026-07-20T21:56:17+09:00
2023-12-20,SOX,4007.66,-0.028578,https://finance.yahoo.com/quote/%5ESOX,2026-07-20T21:56:17+09:00
2023-12-21,SOX,4118.59,0.027679,https://finance.yahoo.com/quote/%5ESOX,2026-07-20T21:56:17+09:00
2023-12-22,SOX,4132.85,0.003462,https://finance.yahoo.com/quote/%5ESOX,2026-07-20T21:56:17+09:00
2023-12-26,SOX,4207.45,0.018051,https://finance.yahoo.com/quote/%5ESOX,2026-07-20T21:56:17+09:00
2023-12-27,SOX,4214.59,0.001697,https://finance.yahoo.com/quote/%5ESOX,2026-07-20T21:56:17+09:00
2023-12-28,SOX,4208.68,-0.001402,https://finance.yahoo.com/quote/%5ESOX,2026-07-20T21:56:17+09:00
2023-12-29,SOX,4175.47,-0.007891,https://finance.yahoo.com/quote/%5ESOX,2026-07-20T21:56:17+09:00
2024-01-02,SOX,4023.04,-0.036506,https://finance.yahoo.com/quote/%5ESOX,2026-07-20T21:56:17+09:00
2024-01-03,SOX,3941.21,-0.02034,https://finance.yahoo.com/quote/%5ESOX,2026-07-20T21:56:17+09:00
2024-01-04,SOX,3908.85,-0.008211,https://finance.yahoo.com/quote/%5ESOX,2026-07-20T21:56:17+09:00
2024-01-05,SOX,3933.49,0.006304,https://finance.yahoo.com/quote/%5ESOX,2026-07-20T21:56:17+09:00
2024-01-08,SOX,4062.48,0.032793,https://finance.yahoo.com/quote/%5ESOX,2026-07-20T21:56:17+09:00
2024-01-09,SOX,4064.65,0.000534,https://finance.yahoo.com/quote/%5ESOX,2026-07-20T21:56:17+09:00
2024-01-10,SOX,4048.84,-0.00389,https://finance.yahoo.com/quote/%5ESOX,2026-07-20T21:56:17+09:00
2024-01-11,SOX,4067.9,0.004707,https://finance.yahoo.com/quote/%5ESOX,2026-07-20T21:56:17+09:00
2024-01-12,SOX,4052.43,-0.003803,https://finance.yahoo.com/quote/%5ESOX,2026-07-20T21:56:17+09:00
2024-01-16,SOX,4105.94,0.013204,https://finance.yahoo.com/quote/%5ESOX,2026-07-20T21:56:17+09:00
2024-01-17,SOX,4069.95,-0.008765,https://finance.yahoo.com/quote/%5ESOX,2026-07-20T21:56:17+09:00
2024-01-18,SOX,4206.52,0.033556,https://finance.yahoo.com/quote/%5ESOX,2026-07-20T21:56:17+09:00
2024-01-19,SOX,4375.65,0.040207,https://finance.yahoo.com/quote/%5ESOX,2026-07-20T21:56:17+09:00
2024-01-22,SOX,4386.6,0.002503,https://finance.yahoo.com/quote/%5ESOX,2026-07-20T21:56:17+09:00
2024-01-23,SOX,4415.26,0.006533,https://finance.yahoo.com/quote/%5ESOX,2026-07-20T21:56:17+09:00
2024-01-24,SOX,4483.33,0.015417,https://finance.yahoo.com/quote/%5ESOX,2026-07-20T21:56:17+09:00
2024-01-25,SOX,4472.26,-0.002469,https://finance.yahoo.com/quote/%5ESOX,2026-07-20T21:56:17+09:00
2024-01-26,SOX,4342.1,-0.029104,https://finance.yahoo.com/quote/%5ESOX,2026-07-20T21:56:17+09:00
2024-01-29,SOX,4388.27,0.010633,https://finance.yahoo.com/quote/%5ESOX,2026-07-20T21:56:17+09:00
2024-01-30,SOX,4319.99,-0.01556,https://finance.yahoo.com/quote/%5ESOX,2026-07-20T21:56:17+09:00
2024-01-31,SOX,4260.92,-0.013674,https://finance.yahoo.com/quote/%5ESOX,2026-07-20T21:56:17+09:00
2024-02-01,SOX,4280.48,0.004591,https://finance.yahoo.com/quote/%5ESOX,2026-07-20T21:56:17+09:00
2024-02-02,SOX,4336.73,0.013141,https://finance.yahoo.com/quote/%5ESOX,2026-07-20T21:56:17+09:00
2024-02-05,SOX,4388.1,0.011845,https://finance.yahoo.com/quote/%5ESOX,2026-07-20T21:56:17+09:00
2024-02-06,SOX,4338.27,-0.011356,https://finance.yahoo.com/quote/%5ESOX,2026-07-20T21:56:17+09:00
2024-02-07,SOX,4408.73,0.016241,https://finance.yahoo.com/quote/%5ESOX,2026-07-20T21:56:17+09:00
2024-02-08,SOX,4478.01,0.015714,https://finance.yahoo.com/quote/%5ESOX,2026-07-20T21:56:17+09:00
2024-02-09,SOX,4567.3,0.01994,https://finance.yahoo.com/quote/%5ESOX,2026-07-20T21:56:17+09:00
2024-02-12,SOX,4560.04,-0.00159,https://finance.yahoo.com/quote/%5ESOX,2026-07-20T21:56:17+09:00
2024-02-13,SOX,4468.18,-0.020145,https://finance.yahoo.com/quote/%5ESOX,2026-07-20T21:56:17+09:00
2024-02-14,SOX,4565.41,0.021761,https://finance.yahoo.com/quote/%5ESOX,2026-07-20T21:56:17+09:00
2024-02-15,SOX,4558.1,-0.001601,https://finance.yahoo.com/quote/%5ESOX,2026-07-20T21:56:17+09:00
2024-02-16,SOX,4527.68,-0.006674,https://finance.yahoo.com/quote/%5ESOX,2026-07-20T21:56:17+09:00
2024-02-20,SOX,4456.87,-0.015639,https://finance.yahoo.com/quote/%5ESOX,2026-07-20T21:56:17+09:00
2024-02-21,SOX,4446.36,-0.002358,https://finance.yahoo.com/quote/%5ESOX,2026-07-20T21:56:17+09:00
2024-02-22,SOX,4667.37,0.049706,https://finance.yahoo.com/quote/%5ESOX,2026-07-20T21:56:17+09:00
2024-02-23,SOX,4615.03,-0.011214,https://finance.yahoo.com/quote/%5ESOX,2026-07-20T21:56:17+09:00
2024-02-26,SOX,4663.47,0.010496,https://finance.yahoo.com/quote/%5ESOX,2026-07-20T21:56:17+09:00
2024-02-27,SOX,4654.89,-0.00184,https://finance.yahoo.com/quote/%5ESOX,2026-07-20T21:56:17+09:00
2024-02-28,SOX,4602.6,-0.011233,https://finance.yahoo.com/quote/%5ESOX,2026-07-20T21:56:17+09:00
2024-02-29,SOX,4726.92,0.027011,https://finance.yahoo.com/quote/%5ESOX,2026-07-20T21:56:17+09:00
2024-03-01,SOX,4929.58,0.042874,https://finance.yahoo.com/quote/%5ESOX,2026-07-20T21:56:17+09:00
2024-03-04,SOX,4981.97,0.010628,https://finance.yahoo.com/quote/%5ESOX,2026-07-20T21:56:17+09:00
2024-03-05,SOX,4879.83,-0.020502,https://finance.yahoo.com/quote/%5ESOX,2026-07-20T21:56:17+09:00
2024-03-06,SOX,4997.93,0.024202,https://finance.yahoo.com/quote/%5ESOX,2026-07-20T21:56:17+09:00
2024-03-07,SOX,5165.83,0.033594,https://finance.yahoo.com/quote/%5ESOX,2026-07-20T21:56:17+09:00
2024-03-08,SOX,4957.78,-0.040274,https://finance.yahoo.com/quote/%5ESOX,2026-07-20T21:56:17+09:00
2024-03-11,SOX,4890.2,-0.013631,https://finance.yahoo.com/quote/%5ESOX,2026-07-20T21:56:17+09:00
2024-03-12,SOX,4992.51,0.020921,https://finance.yahoo.com/quote/%5ESOX,2026-07-20T21:56:17+09:00
2024-03-13,SOX,4868.95,-0.024749,https://finance.yahoo.com/quote/%5ESOX,2026-07-20T21:56:17+09:00
2024-03-14,SOX,4783.65,-0.017519,https://finance.yahoo.com/quote/%5ESOX,2026-07-20T21:56:17+09:00
2024-03-15,SOX,4757.71,-0.005423,https://finance.yahoo.com/quote/%5ESOX,2026-07-20T21:56:17+09:00
2024-03-18,SOX,4757.6,-2.3e-05,https://finance.yahoo.com/quote/%5ESOX,2026-07-20T21:56:17+09:00
2024-03-19,SOX,4712.81,-0.009414,https://finance.yahoo.com/quote/%5ESOX,2026-07-20T21:56:17+09:00
2024-03-20,SOX,4788.18,0.015993,https://finance.yahoo.com/quote/%5ESOX,2026-07-20T21:56:17+09:00
2024-03-21,SOX,4897.88,0.022911,https://finance.yahoo.com/quote/%5ESOX,2026-07-20T21:56:17+09:00
2024-03-22,SOX,4908.26,0.002119,https://finance.yahoo.com/quote/%5ESOX,2026-07-20T21:56:17+09:00
2024-03-25,SOX,4891.49,-0.003417,https://finance.yahoo.com/quote/%5ESOX,2026-07-20T21:56:17+09:00
2024-03-26,SOX,4851.88,-0.008098,https://finance.yahoo.com/quote/%5ESOX,2026-07-20T21:56:17+09:00
2024-03-27,SOX,4899.95,0.009908,https://finance.yahoo.com/quote/%5ESOX,2026-07-20T21:56:17+09:00
2024-03-28,SOX,4905.21,0.001073,https://finance.yahoo.com/quote/%5ESOX,2026-07-20T21:56:17+09:00
2024-04-01,SOX,4962.1,0.011598,https://finance.yahoo.com/quote/%5ESOX,2026-07-20T21:56:17+09:00
2024-04-02,SOX,4886.94,-0.015147,https://finance.yahoo.com/quote/%5ESOX,2026-07-20T21:56:17+09:00
2024-04-03,SOX,4903.5,0.003389,https://finance.yahoo.com/quote/%5ESOX,2026-07-20T21:56:17+09:00
2024-04-04,SOX,4756.07,-0.030066,https://finance.yahoo.com/quote/%5ESOX,2026-07-20T21:56:17+09:00
2024-04-05,SOX,4819.13,0.013259,https://finance.yahoo.com/quote/%5ESOX,2026-07-20T21:56:17+09:00
2024-04-08,SOX,4825.39,0.001299,https://finance.yahoo.com/quote/%5ESOX,2026-07-20T21:56:17+09:00
2024-04-09,SOX,4870.81,0.009413,https://finance.yahoo.com/quote/%5ESOX,2026-07-20T21:56:17+09:00
2024-04-10,SOX,4790.35,-0.016519,https://finance.yahoo.com/quote/%5ESOX,2026-07-20T21:56:17+09:00
2024-04-11,SOX,4906.37,0.02422,https://finance.yahoo.com/quote/%5ESOX,2026-07-20T21:56:17+09:00
2024-04-12,SOX,4745.05,-0.03288,https://finance.yahoo.com/quote/%5ESOX,2026-07-20T21:56:17+09:00
2024-04-15,SOX,4679.1,-0.013899,https://finance.yahoo.com/quote/%5ESOX,2026-07-20T21:56:17+09:00
2024-04-16,SOX,4720.53,0.008854,https://finance.yahoo.com/quote/%5ESOX,2026-07-20T21:56:17+09:00
2024-04-17,SOX,4567.31,-0.032458,https://finance.yahoo.com/quote/%5ESOX,2026-07-20T21:56:17+09:00
2024-04-18,SOX,4491.71,-0.016552,https://finance.yahoo.com/quote/%5ESOX,2026-07-20T21:56:17+09:00
2024-04-19,SOX,4306.87,-0.041151,https://finance.yahoo.com/quote/%5ESOX,2026-07-20T21:56:17+09:00
2024-04-22,SOX,4381.92,0.017426,https://finance.yahoo.com/quote/%5ESOX,2026-07-20T21:56:17+09:00
2024-04-23,SOX,4478.8,0.022109,https://finance.yahoo.com/quote/%5ESOX,2026-07-20T21:56:17+09:00
2024-04-24,SOX,4526.2,0.010583,https://finance.yahoo.com/quote/%5ESOX,2026-07-20T21:56:17+09:00
2024-04-25,SOX,4615.04,0.019628,https://finance.yahoo.com/quote/%5ESOX,2026-07-20T21:56:17+09:00
2024-04-26,SOX,4735.29,0.026056,https://finance.yahoo.com/quote/%5ESOX,2026-07-20T21:56:17+09:00
2024-04-29,SOX,4765.79,0.006441,https://finance.yahoo.com/quote/%5ESOX,2026-07-20T21:56:17+09:00
2024-04-30,SOX,4673.3,-0.019407,https://finance.yahoo.com/quote/%5ESOX,2026-07-20T21:56:17+09:00
2024-05-01,SOX,4507.68,-0.03544,https://finance.yahoo.com/quote/%5ESOX,2026-07-20T21:56:17+09:00
2024-05-02,SOX,4605.35,0.021667,https://finance.yahoo.com/quote/%5ESOX,2026-07-20T21:56:17+09:00
2024-05-03,SOX,4716.19,0.024068,https://finance.yahoo.com/quote/%5ESOX,2026-07-20T21:56:17+09:00
2024-05-06,SOX,4820.45,0.022107,https://finance.yahoo.com/quote/%5ESOX,2026-07-20T21:56:17+09:00
2024-05-07,SOX,4784.88,-0.007379,https://finance.yahoo.com/quote/%5ESOX,2026-07-20T21:56:17+09:00
2024-05-08,SOX,4790.38,0.001149,https://finance.yahoo.com/quote/%5ESOX,2026-07-20T21:56:17+09:00
2024-05-09,SOX,4759.77,-0.00639,https://finance.yahoo.com/quote/%5ESOX,2026-07-20T21:56:17+09:00
2024-05-10,SOX,4808.03,0.010139,https://finance.yahoo.com/quote/%5ESOX,2026-07-20T21:56:17+09:00
2024-05-13,SOX,4823.09,0.003132,https://finance.yahoo.com/quote/%5ESOX,2026-07-20T21:56:17+09:00
2024-05-14,SOX,4903.93,0.016761,https://finance.yahoo.com/quote/%5ESOX,2026-07-20T21:56:17+09:00
2024-05-15,SOX,5045.08,0.028783,https://finance.yahoo.com/quote/%5ESOX,2026-07-20T21:56:17+09:00
2024-05-16,SOX,5017.54,-0.005459,https://finance.yahoo.com/quote/%5ESOX,2026-07-20T21:56:17+09:00
2024-05-17,SOX,4983.02,-0.00688,https://finance.yahoo.com/quote/%5ESOX,2026-07-20T21:56:17+09:00
2024-05-20,SOX,5090.35,0.021539,https://finance.yahoo.com/quote/%5ESOX,2026-07-20T21:56:17+09:00
2024-05-21,SOX,5074.4,-0.003133,https://finance.yahoo.com/quote/%5ESOX,2026-07-20T21:56:17+09:00
2024-05-22,SOX,5126.81,0.010328,https://finance.yahoo.com/quote/%5ESOX,2026-07-20T21:56:17+09:00
2024-05-23,SOX,5125.98,-0.000162,https://finance.yahoo.com/quote/%5ESOX,2026-07-20T21:56:17+09:00
2024-05-24,SOX,5220.92,0.018521,https://finance.yahoo.com/quote/%5ESOX,2026-07-20T21:56:17+09:00
2024-05-28,SOX,5317.87,0.01857,https://finance.yahoo.com/quote/%5ESOX,2026-07-20T21:56:17+09:00
2024-05-29,SOX,5219.32,-0.018532,https://finance.yahoo.com/quote/%5ESOX,2026-07-20T21:56:17+09:00
2024-05-30,SOX,5173.26,-0.008825,https://finance.yahoo.com/quote/%5ESOX,2026-07-20T21:56:17+09:00
2024-05-31,SOX,5123.36,-0.009646,https://finance.yahoo.com/quote/%5ESOX,2026-07-20T21:56:17+09:00
2024-06-03,SOX,5152.51,0.00569,https://finance.yahoo.com/quote/%5ESOX,2026-07-20T21:56:17+09:00
2024-06-04,SOX,5116.27,-0.007033,https://finance.yahoo.com/quote/%5ESOX,2026-07-20T21:56:17+09:00
2024-06-05,SOX,5347.44,0.045183,https://finance.yahoo.com/quote/%5ESOX,2026-07-20T21:56:17+09:00
2024-06-06,SOX,5301.68,-0.008557,https://finance.yahoo.com/quote/%5ESOX,2026-07-20T21:56:17+09:00
2024-06-07,SOX,5287.24,-0.002724,https://finance.yahoo.com/quote/%5ESOX,2026-07-20T21:56:17+09:00
2024-06-10,SOX,5362.4,0.014215,https://finance.yahoo.com/quote/%5ESOX,2026-07-20T21:56:17+09:00
2024-06-11,SOX,5365.38,0.000556,https://finance.yahoo.com/quote/%5ESOX,2026-07-20T21:56:17+09:00
2024-06-12,SOX,5520.87,0.02898,https://finance.yahoo.com/quote/%5ESOX,2026-07-20T21:56:17+09:00
2024-06-13,SOX,5602.42,0.014771,https://finance.yahoo.com/quote/%5ESOX,2026-07-20T21:56:17+09:00
2024-06-14,SOX,5598.31,-0.000734,https://finance.yahoo.com/quote/%5ESOX,2026-07-20T21:56:17+09:00
2024-06-17,SOX,5688.1,0.016039,https://finance.yahoo.com/quote/%5ESOX,2026-07-20T21:56:17+09:00
2024-06-18,SOX,5765.12,0.013541,https://finance.yahoo.com/quote/%5ESOX,2026-07-20T21:56:17+09:00
2024-06-20,SOX,5610.01,-0.026905,https://finance.yahoo.com/quote/%5ESOX,2026-07-20T21:56:17+09:00
2024-06-21,SOX,5538.54,-0.01274,https://finance.yahoo.com/quote/%5ESOX,2026-07-20T21:56:17+09:00
2024-06-24,SOX,5371.52,-0.030156,https://finance.yahoo.com/quote/%5ESOX,2026-07-20T21:56:17+09:00
2024-06-25,SOX,5467.66,0.017898,https://finance.yahoo.com/quote/%5ESOX,2026-07-20T21:56:17+09:00
2024-06-26,SOX,5452.32,-0.002806,https://finance.yahoo.com/quote/%5ESOX,2026-07-20T21:56:17+09:00
2024-06-27,SOX,5421.09,-0.005728,https://finance.yahoo.com/quote/%5ESOX,2026-07-20T21:56:17+09:00
2024-06-28,SOX,5472.26,0.009439,https://finance.yahoo.com/quote/%5ESOX,2026-07-20T21:56:17+09:00
2024-07-01,SOX,5477.15,0.000894,https://finance.yahoo.com/quote/%5ESOX,2026-07-20T21:56:17+09:00
2024-07-02,SOX,5544.99,0.012386,https://finance.yahoo.com/quote/%5ESOX,2026-07-20T21:56:17+09:00
2024-07-03,SOX,5651.72,0.019248,https://finance.yahoo.com/quote/%5ESOX,2026-07-20T21:56:17+09:00
2024-07-05,SOX,5656.31,0.000812,https://finance.yahoo.com/quote/%5ESOX,2026-07-20T21:56:17+09:00
2024-07-08,SOX,5765.21,0.019253,https://finance.yahoo.com/quote/%5ESOX,2026-07-20T21:56:17+09:00
2024-07-09,SOX,5765.2,-2e-06,https://finance.yahoo.com/quote/%5ESOX,2026-07-20T21:56:17+09:00
2024-07-10,SOX,5904.54,0.024169,https://finance.yahoo.com/quote/%5ESOX,2026-07-20T21:56:17+09:00
2024-07-11,SOX,5699.66,-0.034699,https://finance.yahoo.com/quote/%5ESOX,2026-07-20T21:56:17+09:00
2024-07-12,SOX,5775.19,0.013252,https://finance.yahoo.com/quote/%5ESOX,2026-07-20T21:56:17+09:00
2024-07-15,SOX,5777.71,0.000436,https://finance.yahoo.com/quote/%5ESOX,2026-07-20T21:56:17+09:00
2024-07-16,SOX,5804.03,0.004555,https://finance.yahoo.com/quote/%5ESOX,2026-07-20T21:56:17+09:00
2024-07-17,SOX,5408.71,-0.068111,https://finance.yahoo.com/quote/%5ESOX,2026-07-20T21:56:17+09:00
2024-07-18,SOX,5436.42,0.005123,https://finance.yahoo.com/quote/%5ESOX,2026-07-20T21:56:17+09:00
2024-07-19,SOX,5267.16,-0.031134,https://finance.yahoo.com/quote/%5ESOX,2026-07-20T21:56:17+09:00
2024-07-22,SOX,5477.83,0.039997,https://finance.yahoo.com/quote/%5ESOX,2026-07-20T21:56:17+09:00
2024-07-23,SOX,5397.9,-0.014592,https://finance.yahoo.com/quote/%5ESOX,2026-07-20T21:56:17+09:00
2024-07-24,SOX,5105.65,-0.054141,https://finance.yahoo.com/quote/%5ESOX,2026-07-20T21:56:17+09:00
2024-07-25,SOX,5005.36,-0.019643,https://finance.yahoo.com/quote/%5ESOX,2026-07-20T21:56:17+09:00
2024-07-26,SOX,5103.13,0.019533,https://finance.yahoo.com/quote/%5ESOX,2026-07-20T21:56:17+09:00
2024-07-29,SOX,5087.62,-0.003039,https://finance.yahoo.com/quote/%5ESOX,2026-07-20T21:56:17+09:00
2024-07-30,SOX,4890.15,-0.038814,https://finance.yahoo.com/quote/%5ESOX,2026-07-20T21:56:17+09:00
2024-07-31,SOX,5233.18,0.070147,https://finance.yahoo.com/quote/%5ESOX,2026-07-20T21:56:17+09:00
2024-08-01,SOX,4859.59,-0.071389,https://finance.yahoo.com/quote/%5ESOX,2026-07-20T21:56:17+09:00
2024-08-02,SOX,4607.76,-0.051821,https://finance.yahoo.com/quote/%5ESOX,2026-07-20T21:56:17+09:00
2024-08-05,SOX,4519.45,-0.019165,https://finance.yahoo.com/quote/%5ESOX,2026-07-20T21:56:17+09:00
2024-08-06,SOX,4567.57,0.010647,https://finance.yahoo.com/quote/%5ESOX,2026-07-20T21:56:17+09:00
2024-08-07,SOX,4426.27,-0.030935,https://finance.yahoo.com/quote/%5ESOX,2026-07-20T21:56:17+09:00
2024-08-08,SOX,4730.01,0.068622,https://finance.yahoo.com/quote/%5ESOX,2026-07-20T21:56:17+09:00
2024-08-09,SOX,4709.45,-0.004347,https://finance.yahoo.com/quote/%5ESOX,2026-07-20T21:56:17+09:00
2024-08-12,SOX,4743.82,0.007298,https://finance.yahoo.com/quote/%5ESOX,2026-07-20T21:56:17+09:00
2024-08-13,SOX,4942.31,0.041842,https://finance.yahoo.com/quote/%5ESOX,2026-07-20T21:56:17+09:00
2024-08-14,SOX,4933.35,-0.001813,https://finance.yahoo.com/quote/%5ESOX,2026-07-20T21:56:17+09:00
2024-08-15,SOX,5173.38,0.048655,https://finance.yahoo.com/quote/%5ESOX,2026-07-20T21:56:17+09:00
2024-08-16,SOX,5170.25,-0.000605,https://finance.yahoo.com/quote/%5ESOX,2026-07-20T21:56:17+09:00
2024-08-19,SOX,5266.57,0.01863,https://finance.yahoo.com/quote/%5ESOX,2026-07-20T21:56:17+09:00
2024-08-20,SOX,5196.3,-0.013343,https://finance.yahoo.com/quote/%5ESOX,2026-07-20T21:56:17+09:00
2024-08-21,SOX,5267.93,0.013785,https://finance.yahoo.com/quote/%5ESOX,2026-07-20T21:56:17+09:00
2024-08-22,SOX,5086.9,-0.034365,https://finance.yahoo.com/quote/%5ESOX,2026-07-20T21:56:17+09:00
2024-08-23,SOX,5228.65,0.027866,https://finance.yahoo.com/quote/%5ESOX,2026-07-20T21:56:17+09:00
2024-08-26,SOX,5097.35,-0.025112,https://finance.yahoo.com/quote/%5ESOX,2026-07-20T21:56:17+09:00
2024-08-27,SOX,5153.63,0.011041,https://finance.yahoo.com/quote/%5ESOX,2026-07-20T21:56:17+09:00
2024-08-28,SOX,5059.56,-0.018253,https://finance.yahoo.com/quote/%5ESOX,2026-07-20T21:56:17+09:00
2024-08-29,SOX,5029.25,-0.005991,https://finance.yahoo.com/quote/%5ESOX,2026-07-20T21:56:17+09:00
2024-08-30,SOX,5158.82,0.025763,https://finance.yahoo.com/quote/%5ESOX,2026-07-20T21:56:17+09:00
2024-09-03,SOX,4759.0,-0.077502,https://finance.yahoo.com/quote/%5ESOX,2026-07-20T21:56:17+09:00
2024-09-04,SOX,4770.85,0.00249,https://finance.yahoo.com/quote/%5ESOX,2026-07-20T21:56:17+09:00
2024-09-05,SOX,4742.42,-0.005959,https://finance.yahoo.com/quote/%5ESOX,2026-07-20T21:56:17+09:00
2024-09-06,SOX,4528.22,-0.045167,https://finance.yahoo.com/quote/%5ESOX,2026-07-20T21:56:17+09:00
2024-09-09,SOX,4625.78,0.021545,https://finance.yahoo.com/quote/%5ESOX,2026-07-20T21:56:17+09:00
2024-09-10,SOX,4680.67,0.011866,https://finance.yahoo.com/quote/%5ESOX,2026-07-20T21:56:17+09:00
2024-09-11,SOX,4910.17,0.049031,https://finance.yahoo.com/quote/%5ESOX,2026-07-20T21:56:17+09:00
2024-09-12,SOX,4898.44,-0.002389,https://finance.yahoo.com/quote/%5ESOX,2026-07-20T21:56:17+09:00
2024-09-13,SOX,4980.49,0.01675,https://finance.yahoo.com/quote/%5ESOX,2026-07-20T21:56:17+09:00
2024-09-16,SOX,4910.44,-0.014065,https://finance.yahoo.com/quote/%5ESOX,2026-07-20T21:56:17+09:00
2024-09-17,SOX,4912.1,0.000338,https://finance.yahoo.com/quote/%5ESOX,2026-07-20T21:56:17+09:00
2024-09-18,SOX,4859.29,-0.010751,https://finance.yahoo.com/quote/%5ESOX,2026-07-20T21:56:17+09:00
2024-09-19,SOX,5066.65,0.042673,https://finance.yahoo.com/quote/%5ESOX,2026-07-20T21:56:17+09:00
2024-09-20,SOX,5000.06,-0.013143,https://finance.yahoo.com/quote/%5ESOX,2026-07-20T21:56:17+09:00
2024-09-23,SOX,5025.81,0.00515,https://finance.yahoo.com/quote/%5ESOX,2026-07-20T21:56:17+09:00
2024-09-24,SOX,5091.78,0.013126,https://finance.yahoo.com/quote/%5ESOX,2026-07-20T21:56:17+09:00
2024-09-25,SOX,5132.52,0.008001,https://finance.yahoo.com/quote/%5ESOX,2026-07-20T21:56:17+09:00
2024-09-26,SOX,5310.5,0.034677,https://finance.yahoo.com/quote/%5ESOX,2026-07-20T21:56:17+09:00
2024-09-27,SOX,5217.23,-0.017563,https://finance.yahoo.com/quote/%5ESOX,2026-07-20T21:56:17+09:00
2024-09-30,SOX,5173.06,-0.008466,https://finance.yahoo.com/quote/%5ESOX,2026-07-20T21:56:17+09:00
2024-10-01,SOX,5024.94,-0.028633,https://finance.yahoo.com/quote/%5ESOX,2026-07-20T21:56:17+09:00
2024-10-02,SOX,5099.2,0.014778,https://finance.yahoo.com/quote/%5ESOX,2026-07-20T21:56:17+09:00
2024-10-03,SOX,5125.21,0.005101,https://finance.yahoo.com/quote/%5ESOX,2026-07-20T21:56:17+09:00
2024-10-04,SOX,5206.84,0.015927,https://finance.yahoo.com/quote/%5ESOX,2026-07-20T21:56:17+09:00
2024-10-07,SOX,5196.8,-0.001928,https://finance.yahoo.com/quote/%5ESOX,2026-07-20T21:56:17+09:00
2024-10-08,SOX,5266.1,0.013335,https://finance.yahoo.com/quote/%5ESOX,2026-07-20T21:56:17+09:00
2024-10-09,SOX,5321.9,0.010596,https://finance.yahoo.com/quote/%5ESOX,2026-07-20T21:56:17+09:00
2024-10-10,SOX,5293.94,-0.005254,https://finance.yahoo.com/quote/%5ESOX,2026-07-20T21:56:17+09:00
2024-10-11,SOX,5335.94,0.007934,https://finance.yahoo.com/quote/%5ESOX,2026-07-20T21:56:17+09:00
2024-10-14,SOX,5432.21,0.018042,https://finance.yahoo.com/quote/%5ESOX,2026-07-20T21:56:17+09:00
2024-10-15,SOX,5145.21,-0.052833,https://finance.yahoo.com/quote/%5ESOX,2026-07-20T21:56:17+09:00
2024-10-16,SOX,5155.86,0.00207,https://finance.yahoo.com/quote/%5ESOX,2026-07-20T21:56:17+09:00
2024-10-17,SOX,5204.81,0.009494,https://finance.yahoo.com/quote/%5ESOX,2026-07-20T21:56:17+09:00
2024-10-18,SOX,5208.62,0.000732,https://finance.yahoo.com/quote/%5ESOX,2026-07-20T21:56:17+09:00
2024-10-21,SOX,5215.21,0.001265,https://finance.yahoo.com/quote/%5ESOX,2026-07-20T21:56:17+09:00
2024-10-22,SOX,5190.71,-0.004698,https://finance.yahoo.com/quote/%5ESOX,2026-07-20T21:56:17+09:00
2024-10-23,SOX,5131.37,-0.011432,https://finance.yahoo.com/quote/%5ESOX,2026-07-20T21:56:17+09:00
2024-10-24,SOX,5157.61,0.005114,https://finance.yahoo.com/quote/%5ESOX,2026-07-20T21:56:17+09:00
2024-10-25,SOX,5212.83,0.010707,https://finance.yahoo.com/quote/%5ESOX,2026-07-20T21:56:17+09:00
2024-10-28,SOX,5211.67,-0.000223,https://finance.yahoo.com/quote/%5ESOX,2026-07-20T21:56:17+09:00
2024-10-29,SOX,5332.17,0.023121,https://finance.yahoo.com/quote/%5ESOX,2026-07-20T21:56:17+09:00
2024-10-30,SOX,5153.49,-0.03351,https://finance.yahoo.com/quote/%5ESOX,2026-07-20T21:56:17+09:00
2024-10-31,SOX,4946.75,-0.040117,https://finance.yahoo.com/quote/%5ESOX,2026-07-20T21:56:17+09:00
2024-11-01,SOX,5001.43,0.011054,https://finance.yahoo.com/quote/%5ESOX,2026-07-20T21:56:17+09:00
2024-11-04,SOX,4974.0,-0.005484,https://finance.yahoo.com/quote/%5ESOX,2026-07-20T21:56:17+09:00
2024-11-05,SOX,5057.83,0.016854,https://finance.yahoo.com/quote/%5ESOX,2026-07-20T21:56:17+09:00
2024-11-06,SOX,5215.57,0.031187,https://finance.yahoo.com/quote/%5ESOX,2026-07-20T21:56:17+09:00
2024-11-07,SOX,5333.99,0.022705,https://finance.yahoo.com/quote/%5ESOX,2026-07-20T21:56:17+09:00
2024-11-08,SOX,5290.52,-0.00815,https://finance.yahoo.com/quote/%5ESOX,2026-07-20T21:56:17+09:00
2024-11-11,SOX,5156.39,-0.025353,https://finance.yahoo.com/quote/%5ESOX,2026-07-20T21:56:17+09:00
2024-11-12,SOX,5108.64,-0.00926,https://finance.yahoo.com/quote/%5ESOX,2026-07-20T21:56:17+09:00
2024-11-13,SOX,5006.29,-0.020035,https://finance.yahoo.com/quote/%5ESOX,2026-07-20T21:56:17+09:00
2024-11-14,SOX,5004.59,-0.00034,https://finance.yahoo.com/quote/%5ESOX,2026-07-20T21:56:17+09:00
2024-11-15,SOX,4833.59,-0.034169,https://finance.yahoo.com/quote/%5ESOX,2026-07-20T21:56:17+09:00
2024-11-18,SOX,4888.77,0.011416,https://finance.yahoo.com/quote/%5ESOX,2026-07-20T21:56:17+09:00
2024-11-19,SOX,4919.16,0.006216,https://finance.yahoo.com/quote/%5ESOX,2026-07-20T21:56:17+09:00
2024-11-20,SOX,4884.25,-0.007097,https://finance.yahoo.com/quote/%5ESOX,2026-07-20T21:56:17+09:00
2024-11-21,SOX,4963.05,0.016133,https://finance.yahoo.com/quote/%5ESOX,2026-07-20T21:56:17+09:00
2024-11-22,SOX,4955.8,-0.001461,https://finance.yahoo.com/quote/%5ESOX,2026-07-20T21:56:17+09:00
2024-11-25,SOX,4987.92,0.006481,https://finance.yahoo.com/quote/%5ESOX,2026-07-20T21:56:17+09:00
2024-11-26,SOX,4927.56,-0.012101,https://finance.yahoo.com/quote/%5ESOX,2026-07-20T21:56:17+09:00
2024-11-27,SOX,4853.01,-0.015129,https://finance.yahoo.com/quote/%5ESOX,2026-07-20T21:56:17+09:00
2024-11-29,SOX,4926.56,0.015156,https://finance.yahoo.com/quote/%5ESOX,2026-07-20T21:56:17+09:00
2024-12-02,SOX,5055.32,0.026136,https://finance.yahoo.com/quote/%5ESOX,2026-07-20T21:56:17+09:00
2024-12-03,SOX,5035.86,-0.003849,https://finance.yahoo.com/quote/%5ESOX,2026-07-20T21:56:17+09:00
2024-12-04,SOX,5121.78,0.017062,https://finance.yahoo.com/quote/%5ESOX,2026-07-20T21:56:17+09:00
2024-12-05,SOX,5026.37,-0.018628,https://finance.yahoo.com/quote/%5ESOX,2026-07-20T21:56:17+09:00
2024-12-06,SOX,5061.3,0.006949,https://finance.yahoo.com/quote/%5ESOX,2026-07-20T21:56:17+09:00
2024-12-09,SOX,5018.84,-0.008389,https://finance.yahoo.com/quote/%5ESOX,2026-07-20T21:56:17+09:00
2024-12-10,SOX,4894.7,-0.024735,https://finance.yahoo.com/quote/%5ESOX,2026-07-20T21:56:17+09:00
2024-12-11,SOX,5027.8,0.027193,https://finance.yahoo.com/quote/%5ESOX,2026-07-20T21:56:17+09:00
2024-12-12,SOX,4982.19,-0.009072,https://finance.yahoo.com/quote/%5ESOX,2026-07-20T21:56:17+09:00
2024-12-13,SOX,5149.78,0.033638,https://finance.yahoo.com/quote/%5ESOX,2026-07-20T21:56:17+09:00
2024-12-16,SOX,5256.06,0.020638,https://finance.yahoo.com/quote/%5ESOX,2026-07-20T21:56:17+09:00
2024-12-17,SOX,5169.79,-0.016413,https://finance.yahoo.com/quote/%5ESOX,2026-07-20T21:56:17+09:00
2024-12-18,SOX,4970.98,-0.038456,https://finance.yahoo.com/quote/%5ESOX,2026-07-20T21:56:17+09:00
2024-12-19,SOX,4893.47,-0.015592,https://finance.yahoo.com/quote/%5ESOX,2026-07-20T21:56:17+09:00
2024-12-20,SOX,4964.91,0.014599,https://finance.yahoo.com/quote/%5ESOX,2026-07-20T21:56:17+09:00
2024-12-23,SOX,5118.75,0.030985,https://finance.yahoo.com/quote/%5ESOX,2026-07-20T21:56:17+09:00
2024-12-24,SOX,5173.56,0.010708,https://finance.yahoo.com/quote/%5ESOX,2026-07-20T21:56:17+09:00
2024-12-26,SOX,5175.31,0.000338,https://finance.yahoo.com/quote/%5ESOX,2026-07-20T21:56:17+09:00
2024-12-27,SOX,5122.97,-0.010113,https://finance.yahoo.com/quote/%5ESOX,2026-07-20T21:56:17+09:00
2024-12-30,SOX,5026.51,-0.018829,https://finance.yahoo.com/quote/%5ESOX,2026-07-20T21:56:17+09:00
2024-12-31,SOX,4979.93,-0.009267,https://finance.yahoo.com/quote/%5ESOX,2026-07-20T21:56:17+09:00
2025-01-02,SOX,5021.5,0.008347,https://finance.yahoo.com/quote/%5ESOX,2026-07-20T21:56:17+09:00
2025-01-03,SOX,5163.65,0.028308,https://finance.yahoo.com/quote/%5ESOX,2026-07-20T21:56:17+09:00
2025-01-06,SOX,5310.14,0.02837,https://finance.yahoo.com/quote/%5ESOX,2026-07-20T21:56:17+09:00
2025-01-07,SOX,5212.25,-0.018435,https://finance.yahoo.com/quote/%5ESOX,2026-07-20T21:56:17+09:00
2025-01-08,SOX,5162.35,-0.009574,https://finance.yahoo.com/quote/%5ESOX,2026-07-20T21:56:17+09:00
2025-01-10,SOX,5037.47,-0.024191,https://finance.yahoo.com/quote/%5ESOX,2026-07-20T21:56:17+09:00
2025-01-13,SOX,5020.04,-0.00346,https://finance.yahoo.com/quote/%5ESOX,2026-07-20T21:56:17+09:00
2025-01-14,SOX,5045.95,0.005161,https://finance.yahoo.com/quote/%5ESOX,2026-07-20T21:56:17+09:00
2025-01-15,SOX,5153.67,0.021348,https://finance.yahoo.com/quote/%5ESOX,2026-07-20T21:56:17+09:00
2025-01-16,SOX,5162.96,0.001803,https://finance.yahoo.com/quote/%5ESOX,2026-07-20T21:56:17+09:00
2025-01-17,SOX,5309.74,0.028429,https://finance.yahoo.com/quote/%5ESOX,2026-07-20T21:56:17+09:00
2025-01-21,SOX,5378.5,0.01295,https://finance.yahoo.com/quote/%5ESOX,2026-07-20T21:56:17+09:00
2025-01-22,SOX,5469.29,0.01688,https://finance.yahoo.com/quote/%5ESOX,2026-07-20T21:56:17+09:00
2025-01-23,SOX,5444.69,-0.004498,https://finance.yahoo.com/quote/%5ESOX,2026-07-20T21:56:17+09:00
2025-01-24,SOX,5341.94,-0.018872,https://finance.yahoo.com/quote/%5ESOX,2026-07-20T21:56:17+09:00
2025-01-27,SOX,4853.24,-0.091484,https://finance.yahoo.com/quote/%5ESOX,2026-07-20T21:56:17+09:00
2025-01-28,SOX,4907.03,0.011083,https://finance.yahoo.com/quote/%5ESOX,2026-07-20T21:56:17+09:00
2025-01-29,SOX,4918.1,0.002256,https://finance.yahoo.com/quote/%5ESOX,2026-07-20T21:56:17+09:00
2025-01-30,SOX,5030.53,0.02286,https://finance.yahoo.com/quote/%5ESOX,2026-07-20T21:56:17+09:00
2025-01-31,SOX,5015.85,-0.002918,https://finance.yahoo.com/quote/%5ESOX,2026-07-20T21:56:17+09:00
2025-02-03,SOX,4924.81,-0.01815,https://finance.yahoo.com/quote/%5ESOX,2026-07-20T21:56:17+09:00
2025-02-04,SOX,4976.59,0.010514,https://finance.yahoo.com/quote/%5ESOX,2026-07-20T21:56:17+09:00
2025-02-05,SOX,5091.5,0.02309,https://finance.yahoo.com/quote/%5ESOX,2026-07-20T21:56:17+09:00
2025-02-06,SOX,5092.59,0.000214,https://finance.yahoo.com/quote/%5ESOX,2026-07-20T21:56:17+09:00
2025-02-07,SOX,5009.34,-0.016347,https://finance.yahoo.com/quote/%5ESOX,2026-07-20T21:56:17+09:00
2025-02-10,SOX,5082.67,0.014639,https://finance.yahoo.com/quote/%5ESOX,2026-07-20T21:56:17+09:00
2025-02-11,SOX,5079.97,-0.000531,https://finance.yahoo.com/quote/%5ESOX,2026-07-20T21:56:17+09:00
2025-02-12,SOX,5090.79,0.00213,https://finance.yahoo.com/quote/%5ESOX,2026-07-20T21:56:17+09:00
2025-02-13,SOX,5156.39,0.012886,https://finance.yahoo.com/quote/%5ESOX,2026-07-20T21:56:17+09:00
2025-02-14,SOX,5160.94,0.000882,https://finance.yahoo.com/quote/%5ESOX,2026-07-20T21:56:17+09:00
2025-02-18,SOX,5247.86,0.016842,https://finance.yahoo.com/quote/%5ESOX,2026-07-20T21:56:17+09:00
2025-02-19,SOX,5309.69,0.011782,https://finance.yahoo.com/quote/%5ESOX,2026-07-20T21:56:17+09:00
2025-02-20,SOX,5310.63,0.000177,https://finance.yahoo.com/quote/%5ESOX,2026-07-20T21:56:17+09:00
2025-02-21,SOX,5136.59,-0.032772,https://finance.yahoo.com/quote/%5ESOX,2026-07-20T21:56:17+09:00
2025-02-24,SOX,5003.54,-0.025902,https://finance.yahoo.com/quote/%5ESOX,2026-07-20T21:56:17+09:00
2025-02-25,SOX,4888.88,-0.022916,https://finance.yahoo.com/quote/%5ESOX,2026-07-20T21:56:17+09:00
2025-02-26,SOX,4990.82,0.020851,https://finance.yahoo.com/quote/%5ESOX,2026-07-20T21:56:17+09:00
2025-02-27,SOX,4686.75,-0.060926,https://finance.yahoo.com/quote/%5ESOX,2026-07-20T21:56:17+09:00
2025-02-28,SOX,4766.75,0.017069,https://finance.yahoo.com/quote/%5ESOX,2026-07-20T21:56:17+09:00
2025-03-03,SOX,4575.37,-0.040149,https://finance.yahoo.com/quote/%5ESOX,2026-07-20T21:56:17+09:00
2025-03-04,SOX,4604.51,0.006369,https://finance.yahoo.com/quote/%5ESOX,2026-07-20T21:56:17+09:00
2025-03-05,SOX,4700.79,0.02091,https://finance.yahoo.com/quote/%5ESOX,2026-07-20T21:56:17+09:00
2025-03-06,SOX,4487.85,-0.045299,https://finance.yahoo.com/quote/%5ESOX,2026-07-20T21:56:17+09:00
2025-03-07,SOX,4629.59,0.031583,https://finance.yahoo.com/quote/%5ESOX,2026-07-20T21:56:17+09:00
2025-03-10,SOX,4405.09,-0.048492,https://finance.yahoo.com/quote/%5ESOX,2026-07-20T21:56:17+09:00
2025-03-11,SOX,4374.07,-0.007042,https://finance.yahoo.com/quote/%5ESOX,2026-07-20T21:56:17+09:00
2025-03-12,SOX,4481.02,0.024451,https://finance.yahoo.com/quote/%5ESOX,2026-07-20T21:56:17+09:00
2025-03-13,SOX,4453.24,-0.006199,https://finance.yahoo.com/quote/%5ESOX,2026-07-20T21:56:17+09:00
2025-03-14,SOX,4598.79,0.032684,https://finance.yahoo.com/quote/%5ESOX,2026-07-20T21:56:17+09:00
2025-03-17,SOX,4663.97,0.014173,https://finance.yahoo.com/quote/%5ESOX,2026-07-20T21:56:17+09:00
2025-03-18,SOX,4589.03,-0.016068,https://finance.yahoo.com/quote/%5ESOX,2026-07-20T21:56:17+09:00
2025-03-19,SOX,4634.53,0.009915,https://finance.yahoo.com/quote/%5ESOX,2026-07-20T21:56:17+09:00
2025-03-20,SOX,4601.37,-0.007155,https://finance.yahoo.com/quote/%5ESOX,2026-07-20T21:56:17+09:00
2025-03-21,SOX,4557.95,-0.009436,https://finance.yahoo.com/quote/%5ESOX,2026-07-20T21:56:17+09:00
2025-03-24,SOX,4694.22,0.029897,https://finance.yahoo.com/quote/%5ESOX,2026-07-20T21:56:17+09:00
2025-03-25,SOX,4661.34,-0.007004,https://finance.yahoo.com/quote/%5ESOX,2026-07-20T21:56:17+09:00
2025-03-26,SOX,4508.74,-0.032737,https://finance.yahoo.com/quote/%5ESOX,2026-07-20T21:56:17+09:00
2025-03-27,SOX,4415.25,-0.020735,https://finance.yahoo.com/quote/%5ESOX,2026-07-20T21:56:17+09:00
2025-03-28,SOX,4284.91,-0.02952,https://finance.yahoo.com/quote/%5ESOX,2026-07-20T21:56:17+09:00
2025-03-31,SOX,4270.43,-0.003379,https://finance.yahoo.com/quote/%5ESOX,2026-07-20T21:56:17+09:00
2025-04-01,SOX,4282.46,0.002817,https://finance.yahoo.com/quote/%5ESOX,2026-07-20T21:56:17+09:00
2025-04-02,SOX,4320.75,0.008941,https://finance.yahoo.com/quote/%5ESOX,2026-07-20T21:56:17+09:00
2025-04-03,SOX,3893.69,-0.098839,https://finance.yahoo.com/quote/%5ESOX,2026-07-20T21:56:17+09:00
2025-04-04,SOX,3597.66,-0.076028,https://finance.yahoo.com/quote/%5ESOX,2026-07-20T21:56:17+09:00
2025-04-07,SOX,3694.95,0.027043,https://finance.yahoo.com/quote/%5ESOX,2026-07-20T21:56:17+09:00
2025-04-08,SOX,3562.94,-0.035727,https://finance.yahoo.com/quote/%5ESOX,2026-07-20T21:56:17+09:00
2025-04-09,SOX,4230.45,0.187348,https://finance.yahoo.com/quote/%5ESOX,2026-07-20T21:56:17+09:00
2025-04-10,SOX,3893.3,-0.079696,https://finance.yahoo.com/quote/%5ESOX,2026-07-20T21:56:17+09:00
2025-04-11,SOX,3990.9,0.025069,https://finance.yahoo.com/quote/%5ESOX,2026-07-20T21:56:17+09:00
2025-04-14,SOX,4003.22,0.003087,https://finance.yahoo.com/quote/%5ESOX,2026-07-20T21:56:17+09:00
2025-04-15,SOX,4021.89,0.004664,https://finance.yahoo.com/quote/%5ESOX,2026-07-20T21:56:17+09:00
2025-04-16,SOX,3857.17,-0.040956,https://finance.yahoo.com/quote/%5ESOX,2026-07-20T21:56:17+09:00
2025-04-17,SOX,3832.47,-0.006404,https://finance.yahoo.com/quote/%5ESOX,2026-07-20T21:56:17+09:00
2025-04-21,SOX,3751.91,-0.02102,https://finance.yahoo.com/quote/%5ESOX,2026-07-20T21:56:17+09:00
2025-04-22,SOX,3832.05,0.02136,https://finance.yahoo.com/quote/%5ESOX,2026-07-20T21:56:17+09:00
2025-04-23,SOX,3983.92,0.039631,https://finance.yahoo.com/quote/%5ESOX,2026-07-20T21:56:17+09:00
2025-04-24,SOX,4208.19,0.056294,https://finance.yahoo.com/quote/%5ESOX,2026-07-20T21:56:17+09:00
2025-04-25,SOX,4251.61,0.010318,https://finance.yahoo.com/quote/%5ESOX,2026-07-20T21:56:17+09:00
2025-04-28,SOX,4235.62,-0.003761,https://finance.yahoo.com/quote/%5ESOX,2026-07-20T21:56:17+09:00
2025-04-29,SOX,4196.75,-0.009177,https://finance.yahoo.com/quote/%5ESOX,2026-07-20T21:56:17+09:00
2025-04-30,SOX,4230.09,0.007944,https://finance.yahoo.com/quote/%5ESOX,2026-07-20T21:56:17+09:00
2025-05-01,SOX,4247.66,0.004154,https://finance.yahoo.com/quote/%5ESOX,2026-07-20T21:56:17+09:00
2025-05-02,SOX,4397.05,0.03517,https://finance.yahoo.com/quote/%5ESOX,2026-07-20T21:56:17+09:00
2025-05-05,SOX,4356.18,-0.009295,https://finance.yahoo.com/quote/%5ESOX,2026-07-20T21:56:17+09:00
2025-05-06,SOX,4311.2,-0.010326,https://finance.yahoo.com/quote/%5ESOX,2026-07-20T21:56:17+09:00
2025-05-07,SOX,4386.36,0.017434,https://finance.yahoo.com/quote/%5ESOX,2026-07-20T21:56:17+09:00
2025-05-08,SOX,4430.44,0.010049,https://finance.yahoo.com/quote/%5ESOX,2026-07-20T21:56:17+09:00
2025-05-09,SOX,4466.5,0.008139,https://finance.yahoo.com/quote/%5ESOX,2026-07-20T21:56:17+09:00
2025-05-12,SOX,4780.93,0.070397,https://finance.yahoo.com/quote/%5ESOX,2026-07-20T21:56:17+09:00
2025-05-13,SOX,4931.35,0.031462,https://finance.yahoo.com/quote/%5ESOX,2026-07-20T21:56:17+09:00
2025-05-14,SOX,4960.73,0.005958,https://finance.yahoo.com/quote/%5ESOX,2026-07-20T21:56:17+09:00
2025-05-15,SOX,4932.45,-0.005701,https://finance.yahoo.com/quote/%5ESOX,2026-07-20T21:56:17+09:00
2025-05-16,SOX,4922.19,-0.00208,https://finance.yahoo.com/quote/%5ESOX,2026-07-20T21:56:17+09:00
2025-05-19,SOX,4897.71,-0.004973,https://finance.yahoo.com/quote/%5ESOX,2026-07-20T21:56:17+09:00
2025-05-20,SOX,4890.78,-0.001415,https://finance.yahoo.com/quote/%5ESOX,2026-07-20T21:56:17+09:00
2025-05-21,SOX,4802.71,-0.018007,https://finance.yahoo.com/quote/%5ESOX,2026-07-20T21:56:17+09:00
2025-05-22,SOX,4775.47,-0.005672,https://finance.yahoo.com/quote/%5ESOX,2026-07-20T21:56:17+09:00
2025-05-23,SOX,4702.38,-0.015305,https://finance.yahoo.com/quote/%5ESOX,2026-07-20T21:56:17+09:00
2025-05-27,SOX,4861.09,0.033751,https://finance.yahoo.com/quote/%5ESOX,2026-07-20T21:56:17+09:00
2025-05-28,SOX,4834.42,-0.005486,https://finance.yahoo.com/quote/%5ESOX,2026-07-20T21:56:17+09:00
2025-05-29,SOX,4860.48,0.005391,https://finance.yahoo.com/quote/%5ESOX,2026-07-20T21:56:17+09:00
2025-05-30,SOX,4758.06,-0.021072,https://finance.yahoo.com/quote/%5ESOX,2026-07-20T21:56:17+09:00
2025-06-02,SOX,4832.79,0.015706,https://finance.yahoo.com/quote/%5ESOX,2026-07-20T21:56:17+09:00
2025-06-03,SOX,4964.41,0.027235,https://finance.yahoo.com/quote/%5ESOX,2026-07-20T21:56:17+09:00
2025-06-04,SOX,5033.35,0.013887,https://finance.yahoo.com/quote/%5ESOX,2026-07-20T21:56:17+09:00
2025-06-05,SOX,5010.92,-0.004456,https://finance.yahoo.com/quote/%5ESOX,2026-07-20T21:56:17+09:00
2025-06-06,SOX,5038.06,0.005416,https://finance.yahoo.com/quote/%5ESOX,2026-07-20T21:56:17+09:00
2025-06-09,SOX,5136.66,0.019571,https://finance.yahoo.com/quote/%5ESOX,2026-07-20T21:56:17+09:00
2025-06-10,SOX,5242.5,0.020605,https://finance.yahoo.com/quote/%5ESOX,2026-07-20T21:56:17+09:00
2025-06-11,SOX,5232.53,-0.001902,https://finance.yahoo.com/quote/%5ESOX,2026-07-20T21:56:17+09:00
2025-06-12,SOX,5249.15,0.003176,https://finance.yahoo.com/quote/%5ESOX,2026-07-20T21:56:17+09:00
2025-06-13,SOX,5112.24,-0.026082,https://finance.yahoo.com/quote/%5ESOX,2026-07-20T21:56:17+09:00
2025-06-16,SOX,5267.3,0.030331,https://finance.yahoo.com/quote/%5ESOX,2026-07-20T21:56:17+09:00
2025-06-17,SOX,5223.65,-0.008287,https://finance.yahoo.com/quote/%5ESOX,2026-07-20T21:56:17+09:00
2025-06-18,SOX,5251.02,0.00524,https://finance.yahoo.com/quote/%5ESOX,2026-07-20T21:56:17+09:00
2025-06-20,SOX,5211.48,-0.00753,https://finance.yahoo.com/quote/%5ESOX,2026-07-20T21:56:17+09:00
2025-06-23,SOX,5244.3,0.006298,https://finance.yahoo.com/quote/%5ESOX,2026-07-20T21:56:17+09:00
2025-06-24,SOX,5441.87,0.037673,https://finance.yahoo.com/quote/%5ESOX,2026-07-20T21:56:17+09:00
2025-06-25,SOX,5493.3,0.009451,https://finance.yahoo.com/quote/%5ESOX,2026-07-20T21:56:17+09:00
2025-06-26,SOX,5541.46,0.008767,https://finance.yahoo.com/quote/%5ESOX,2026-07-20T21:56:17+09:00
2025-06-27,SOX,5544.99,0.000637,https://finance.yahoo.com/quote/%5ESOX,2026-07-20T21:56:17+09:00
2025-06-30,SOX,5546.54,0.000279,https://finance.yahoo.com/quote/%5ESOX,2026-07-20T21:56:17+09:00
2025-07-01,SOX,5507.5,-0.007039,https://finance.yahoo.com/quote/%5ESOX,2026-07-20T21:56:17+09:00
2025-07-02,SOX,5611.05,0.018802,https://finance.yahoo.com/quote/%5ESOX,2026-07-20T21:56:17+09:00
2025-07-03,SOX,5647.12,0.006428,https://finance.yahoo.com/quote/%5ESOX,2026-07-20T21:56:17+09:00
2025-07-07,SOX,5541.2,-0.018756,https://finance.yahoo.com/quote/%5ESOX,2026-07-20T21:56:17+09:00
2025-07-08,SOX,5641.22,0.01805,https://finance.yahoo.com/quote/%5ESOX,2026-07-20T21:56:17+09:00
2025-07-09,SOX,5665.99,0.004391,https://finance.yahoo.com/quote/%5ESOX,2026-07-20T21:56:17+09:00
2025-07-10,SOX,5708.28,0.007464,https://finance.yahoo.com/quote/%5ESOX,2026-07-20T21:56:17+09:00
2025-07-11,SOX,5696.29,-0.0021,https://finance.yahoo.com/quote/%5ESOX,2026-07-20T21:56:17+09:00
2025-07-14,SOX,5646.72,-0.008702,https://finance.yahoo.com/quote/%5ESOX,2026-07-20T21:56:17+09:00
2025-07-15,SOX,5718.61,0.012731,https://finance.yahoo.com/quote/%5ESOX,2026-07-20T21:56:17+09:00
2025-07-16,SOX,5696.21,-0.003917,https://finance.yahoo.com/quote/%5ESOX,2026-07-20T21:56:17+09:00
2025-07-17,SOX,5737.64,0.007273,https://finance.yahoo.com/quote/%5ESOX,2026-07-20T21:56:17+09:00
2025-07-18,SOX,5732.62,-0.000875,https://finance.yahoo.com/quote/%5ESOX,2026-07-20T21:56:17+09:00
2025-07-21,SOX,5739.42,0.001186,https://finance.yahoo.com/quote/%5ESOX,2026-07-20T21:56:17+09:00
2025-07-22,SOX,5638.71,-0.017547,https://finance.yahoo.com/quote/%5ESOX,2026-07-20T21:56:17+09:00
2025-07-23,SOX,5637.79,-0.000163,https://finance.yahoo.com/quote/%5ESOX,2026-07-20T21:56:17+09:00
2025-07-24,SOX,5644.37,0.001167,https://finance.yahoo.com/quote/%5ESOX,2026-07-20T21:56:17+09:00
2025-07-25,SOX,5645.86,0.000264,https://finance.yahoo.com/quote/%5ESOX,2026-07-20T21:56:17+09:00
2025-07-28,SOX,5737.1,0.016161,https://finance.yahoo.com/quote/%5ESOX,2026-07-20T21:56:17+09:00
2025-07-29,SOX,5739.79,0.000469,https://finance.yahoo.com/quote/%5ESOX,2026-07-20T21:56:17+09:00
2025-07-30,SOX,5787.32,0.008281,https://finance.yahoo.com/quote/%5ESOX,2026-07-20T21:56:17+09:00
2025-07-31,SOX,5607.92,-0.030999,https://finance.yahoo.com/quote/%5ESOX,2026-07-20T21:56:17+09:00
2025-08-01,SOX,5527.61,-0.014321,https://finance.yahoo.com/quote/%5ESOX,2026-07-20T21:56:17+09:00
2025-08-04,SOX,5624.41,0.017512,https://finance.yahoo.com/quote/%5ESOX,2026-07-20T21:56:17+09:00
2025-08-05,SOX,5561.69,-0.011151,https://finance.yahoo.com/quote/%5ESOX,2026-07-20T21:56:17+09:00
2025-08-06,SOX,5550.3,-0.002048,https://finance.yahoo.com/quote/%5ESOX,2026-07-20T21:56:17+09:00
2025-08-07,SOX,5633.7,0.015026,https://finance.yahoo.com/quote/%5ESOX,2026-07-20T21:56:17+09:00
2025-08-08,SOX,5678.02,0.007867,https://finance.yahoo.com/quote/%5ESOX,2026-07-20T21:56:17+09:00
2025-08-11,SOX,5670.37,-0.001347,https://finance.yahoo.com/quote/%5ESOX,2026-07-20T21:56:17+09:00
2025-08-12,SOX,5840.09,0.029931,https://finance.yahoo.com/quote/%5ESOX,2026-07-20T21:56:17+09:00
2025-08-13,SOX,5892.61,0.008993,https://finance.yahoo.com/quote/%5ESOX,2026-07-20T21:56:17+09:00
2025-08-14,SOX,5885.49,-0.001208,https://finance.yahoo.com/quote/%5ESOX,2026-07-20T21:56:17+09:00
2025-08-15,SOX,5752.74,-0.022555,https://finance.yahoo.com/quote/%5ESOX,2026-07-20T21:56:17+09:00
2025-08-18,SOX,5776.31,0.004097,https://finance.yahoo.com/quote/%5ESOX,2026-07-20T21:56:17+09:00
2025-08-19,SOX,5671.51,-0.018143,https://finance.yahoo.com/quote/%5ESOX,2026-07-20T21:56:17+09:00
2025-08-20,SOX,5630.82,-0.007174,https://finance.yahoo.com/quote/%5ESOX,2026-07-20T21:56:17+09:00
2025-08-21,SOX,5603.26,-0.004895,https://finance.yahoo.com/quote/%5ESOX,2026-07-20T21:56:17+09:00
2025-08-22,SOX,5754.46,0.026984,https://finance.yahoo.com/quote/%5ESOX,2026-07-20T21:56:17+09:00
2025-08-25,SOX,5756.3,0.00032,https://finance.yahoo.com/quote/%5ESOX,2026-07-20T21:56:17+09:00
2025-08-26,SOX,5807.92,0.008968,https://finance.yahoo.com/quote/%5ESOX,2026-07-20T21:56:17+09:00
2025-08-27,SOX,5824.61,0.002874,https://finance.yahoo.com/quote/%5ESOX,2026-07-20T21:56:17+09:00
2025-08-28,SOX,5853.05,0.004883,https://finance.yahoo.com/quote/%5ESOX,2026-07-20T21:56:17+09:00
2025-08-29,SOX,5668.94,-0.031455,https://finance.yahoo.com/quote/%5ESOX,2026-07-20T21:56:17+09:00
2025-09-02,SOX,5605.46,-0.011198,https://finance.yahoo.com/quote/%5ESOX,2026-07-20T21:56:17+09:00
2025-09-03,SOX,5592.82,-0.002255,https://finance.yahoo.com/quote/%5ESOX,2026-07-20T21:56:17+09:00
2025-09-04,SOX,5667.86,0.013417,https://finance.yahoo.com/quote/%5ESOX,2026-07-20T21:56:17+09:00
2025-09-05,SOX,5761.4,0.016504,https://finance.yahoo.com/quote/%5ESOX,2026-07-20T21:56:17+09:00
2025-09-08,SOX,5809.61,0.008368,https://finance.yahoo.com/quote/%5ESOX,2026-07-20T21:56:17+09:00
2025-09-09,SOX,5819.83,0.001759,https://finance.yahoo.com/quote/%5ESOX,2026-07-20T21:56:17+09:00
2025-09-10,SOX,5958.09,0.023757,https://finance.yahoo.com/quote/%5ESOX,2026-07-20T21:56:17+09:00
2025-09-11,SOX,5995.39,0.00626,https://finance.yahoo.com/quote/%5ESOX,2026-07-20T21:56:17+09:00
2025-09-12,SOX,6001.74,0.001059,https://finance.yahoo.com/quote/%5ESOX,2026-07-20T21:56:17+09:00
2025-09-15,SOX,6059.83,0.009679,https://finance.yahoo.com/quote/%5ESOX,2026-07-20T21:56:17+09:00
2025-09-16,SOX,6079.22,0.0032,https://finance.yahoo.com/quote/%5ESOX,2026-07-20T21:56:17+09:00
2025-09-17,SOX,6060.22,-0.003125,https://finance.yahoo.com/quote/%5ESOX,2026-07-20T21:56:17+09:00
2025-09-18,SOX,6278.16,0.035962,https://finance.yahoo.com/quote/%5ESOX,2026-07-20T21:56:17+09:00
2025-09-19,SOX,6232.25,-0.007313,https://finance.yahoo.com/quote/%5ESOX,2026-07-20T21:56:17+09:00
2025-09-22,SOX,6330.12,0.015704,https://finance.yahoo.com/quote/%5ESOX,2026-07-20T21:56:17+09:00
2025-09-23,SOX,6308.21,-0.003461,https://finance.yahoo.com/quote/%5ESOX,2026-07-20T21:56:17+09:00
2025-09-24,SOX,6297.0,-0.001777,https://finance.yahoo.com/quote/%5ESOX,2026-07-20T21:56:17+09:00
2025-09-25,SOX,6284.67,-0.001958,https://finance.yahoo.com/quote/%5ESOX,2026-07-20T21:56:17+09:00
2025-09-26,SOX,6305.05,0.003243,https://finance.yahoo.com/quote/%5ESOX,2026-07-20T21:56:17+09:00
2025-09-29,SOX,6315.11,0.001596,https://finance.yahoo.com/quote/%5ESOX,2026-07-20T21:56:17+09:00
2025-09-30,SOX,6369.82,0.008663,https://finance.yahoo.com/quote/%5ESOX,2026-07-20T21:56:17+09:00
2025-10-01,SOX,6500.28,0.020481,https://finance.yahoo.com/quote/%5ESOX,2026-07-20T21:56:17+09:00
2025-10-02,SOX,6626.38,0.019399,https://finance.yahoo.com/quote/%5ESOX,2026-07-20T21:56:17+09:00
2025-10-03,SOX,6583.74,-0.006435,https://finance.yahoo.com/quote/%5ESOX,2026-07-20T21:56:17+09:00
2025-10-06,SOX,6774.06,0.028908,https://finance.yahoo.com/quote/%5ESOX,2026-07-20T21:56:17+09:00
2025-10-07,SOX,6634.76,-0.020564,https://finance.yahoo.com/quote/%5ESOX,2026-07-20T21:56:17+09:00
2025-10-08,SOX,6860.2,0.033979,https://finance.yahoo.com/quote/%5ESOX,2026-07-20T21:56:17+09:00
2025-10-09,SOX,6840.2,-0.002915,https://finance.yahoo.com/quote/%5ESOX,2026-07-20T21:56:17+09:00
2025-10-10,SOX,6407.6,-0.063244,https://finance.yahoo.com/quote/%5ESOX,2026-07-20T21:56:17+09:00
2025-10-13,SOX,6723.47,0.049296,https://finance.yahoo.com/quote/%5ESOX,2026-07-20T21:56:17+09:00
2025-10-14,SOX,6570.33,-0.022777,https://finance.yahoo.com/quote/%5ESOX,2026-07-20T21:56:17+09:00
2025-10-15,SOX,6767.06,0.029942,https://finance.yahoo.com/quote/%5ESOX,2026-07-20T21:56:17+09:00
2025-10-16,SOX,6800.02,0.004871,https://finance.yahoo.com/quote/%5ESOX,2026-07-20T21:56:17+09:00
2025-10-17,SOX,6777.98,-0.003241,https://finance.yahoo.com/quote/%5ESOX,2026-07-20T21:56:17+09:00
2025-10-20,SOX,6885.03,0.015794,https://finance.yahoo.com/quote/%5ESOX,2026-07-20T21:56:17+09:00
2025-10-21,SOX,6839.27,-0.006646,https://finance.yahoo.com/quote/%5ESOX,2026-07-20T21:56:17+09:00
2025-10-22,SOX,6677.57,-0.023643,https://finance.yahoo.com/quote/%5ESOX,2026-07-20T21:56:17+09:00
2025-10-23,SOX,6847.39,0.025431,https://finance.yahoo.com/quote/%5ESOX,2026-07-20T21:56:17+09:00
2025-10-24,SOX,6976.94,0.01892,https://finance.yahoo.com/quote/%5ESOX,2026-07-20T21:56:17+09:00
2025-10-27,SOX,7167.98,0.027382,https://finance.yahoo.com/quote/%5ESOX,2026-07-20T21:56:17+09:00
2025-10-28,SOX,7194.71,0.003729,https://finance.yahoo.com/quote/%5ESOX,2026-07-20T21:56:17+09:00
2025-10-29,SOX,7327.93,0.018516,https://finance.yahoo.com/quote/%5ESOX,2026-07-20T21:56:17+09:00
2025-10-30,SOX,7216.0,-0.015274,https://finance.yahoo.com/quote/%5ESOX,2026-07-20T21:56:17+09:00
2025-10-31,SOX,7228.66,0.001754,https://finance.yahoo.com/quote/%5ESOX,2026-07-20T21:56:17+09:00
2025-11-03,SOX,7270.97,0.005853,https://finance.yahoo.com/quote/%5ESOX,2026-07-20T21:56:17+09:00
2025-11-04,SOX,6979.57,-0.040077,https://finance.yahoo.com/quote/%5ESOX,2026-07-20T21:56:17+09:00
2025-11-05,SOX,7190.27,0.030188,https://finance.yahoo.com/quote/%5ESOX,2026-07-20T21:56:17+09:00
2025-11-06,SOX,7018.39,-0.023905,https://finance.yahoo.com/quote/%5ESOX,2026-07-20T21:56:17+09:00
2025-11-07,SOX,6947.36,-0.010121,https://finance.yahoo.com/quote/%5ESOX,2026-07-20T21:56:17+09:00
2025-11-10,SOX,7156.95,0.030168,https://finance.yahoo.com/quote/%5ESOX,2026-07-20T21:56:17+09:00
2025-11-11,SOX,6979.7,-0.024766,https://finance.yahoo.com/quote/%5ESOX,2026-07-20T21:56:17+09:00
2025-11-12,SOX,7082.13,0.014675,https://finance.yahoo.com/quote/%5ESOX,2026-07-20T21:56:17+09:00
2025-11-13,SOX,6818.74,-0.037191,https://finance.yahoo.com/quote/%5ESOX,2026-07-20T21:56:17+09:00
2025-11-14,SOX,6811.2,-0.001106,https://finance.yahoo.com/quote/%5ESOX,2026-07-20T21:56:17+09:00
2025-11-17,SOX,6705.74,-0.015483,https://finance.yahoo.com/quote/%5ESOX,2026-07-20T21:56:17+09:00
2025-11-18,SOX,6551.03,-0.023071,https://finance.yahoo.com/quote/%5ESOX,2026-07-20T21:56:17+09:00
2025-11-19,SOX,6670.03,0.018165,https://finance.yahoo.com/quote/%5ESOX,2026-07-20T21:56:17+09:00
2025-11-20,SOX,6352.07,-0.04767,https://finance.yahoo.com/quote/%5ESOX,2026-07-20T21:56:17+09:00
2025-11-21,SOX,6406.43,0.008558,https://finance.yahoo.com/quote/%5ESOX,2026-07-20T21:56:17+09:00
2025-11-24,SOX,6703.2,0.046324,https://finance.yahoo.com/quote/%5ESOX,2026-07-20T21:56:17+09:00
2025-11-25,SOX,6714.18,0.001638,https://finance.yahoo.com/quote/%5ESOX,2026-07-20T21:56:17+09:00
2025-11-26,SOX,6899.46,0.027595,https://finance.yahoo.com/quote/%5ESOX,2026-07-20T21:56:17+09:00
2025-11-28,SOX,7025.15,0.018217,https://finance.yahoo.com/quote/%5ESOX,2026-07-20T21:56:17+09:00
2025-12-01,SOX,7020.53,-0.000658,https://finance.yahoo.com/quote/%5ESOX,2026-07-20T21:56:17+09:00
2025-12-02,SOX,7149.47,0.018366,https://finance.yahoo.com/quote/%5ESOX,2026-07-20T21:56:17+09:00
2025-12-03,SOX,7280.51,0.018329,https://finance.yahoo.com/quote/%5ESOX,2026-07-20T21:56:17+09:00
2025-12-04,SOX,7215.97,-0.008865,https://finance.yahoo.com/quote/%5ESOX,2026-07-20T21:56:17+09:00
2025-12-05,SOX,7294.84,0.01093,https://finance.yahoo.com/quote/%5ESOX,2026-07-20T21:56:17+09:00
2025-12-08,SOX,7375.22,0.011019,https://finance.yahoo.com/quote/%5ESOX,2026-07-20T21:56:17+09:00
2025-12-09,SOX,7372.51,-0.000368,https://finance.yahoo.com/quote/%5ESOX,2026-07-20T21:56:17+09:00
2025-12-10,SOX,7467.49,0.012883,https://finance.yahoo.com/quote/%5ESOX,2026-07-20T21:56:17+09:00
2025-12-11,SOX,7411.48,-0.007501,https://finance.yahoo.com/quote/%5ESOX,2026-07-20T21:56:17+09:00
2025-12-12,SOX,7033.57,-0.05099,https://finance.yahoo.com/quote/%5ESOX,2026-07-20T21:56:17+09:00
2025-12-15,SOX,6990.41,-0.006136,https://finance.yahoo.com/quote/%5ESOX,2026-07-20T21:56:17+09:00
2025-12-16,SOX,6958.44,-0.004573,https://finance.yahoo.com/quote/%5ESOX,2026-07-20T21:56:17+09:00
2025-12-17,SOX,6695.31,-0.037814,https://finance.yahoo.com/quote/%5ESOX,2026-07-20T21:56:17+09:00
2025-12-18,SOX,6863.63,0.02514,https://finance.yahoo.com/quote/%5ESOX,2026-07-20T21:56:17+09:00
2025-12-19,SOX,7067.87,0.029757,https://finance.yahoo.com/quote/%5ESOX,2026-07-20T21:56:17+09:00
2025-12-22,SOX,7145.57,0.010993,https://finance.yahoo.com/quote/%5ESOX,2026-07-20T21:56:17+09:00
2025-12-23,SOX,7184.54,0.005454,https://finance.yahoo.com/quote/%5ESOX,2026-07-20T21:56:17+09:00
2025-12-24,SOX,7204.37,0.00276,https://finance.yahoo.com/quote/%5ESOX,2026-07-20T21:56:17+09:00
2025-12-26,SOX,7207.64,0.000454,https://finance.yahoo.com/quote/%5ESOX,2026-07-20T21:56:17+09:00
2025-12-29,SOX,7178.27,-0.004075,https://finance.yahoo.com/quote/%5ESOX,2026-07-20T21:56:17+09:00
2025-12-30,SOX,7169.1,-0.001277,https://finance.yahoo.com/quote/%5ESOX,2026-07-20T21:56:17+09:00
2025-12-31,SOX,7083.13,-0.011992,https://finance.yahoo.com/quote/%5ESOX,2026-07-20T21:56:17+09:00
2026-01-02,SOX,7367.47,0.040143,https://finance.yahoo.com/quote/%5ESOX,2026-07-20T21:56:17+09:00
2026-01-05,SOX,7446.45,0.01072,https://finance.yahoo.com/quote/%5ESOX,2026-07-20T21:56:17+09:00
2026-01-06,SOX,7650.93,0.02746,https://finance.yahoo.com/quote/%5ESOX,2026-07-20T21:56:17+09:00
2026-01-07,SOX,7574.87,-0.009941,https://finance.yahoo.com/quote/%5ESOX,2026-07-20T21:56:17+09:00
2026-01-08,SOX,7436.1,-0.01832,https://finance.yahoo.com/quote/%5ESOX,2026-07-20T21:56:17+09:00
2026-01-09,SOX,7638.78,0.027256,https://finance.yahoo.com/quote/%5ESOX,2026-07-20T21:56:17+09:00
2026-01-12,SOX,7674.84,0.004721,https://finance.yahoo.com/quote/%5ESOX,2026-07-20T21:56:17+09:00
2026-01-13,SOX,7747.99,0.009531,https://finance.yahoo.com/quote/%5ESOX,2026-07-20T21:56:17+09:00
2026-01-14,SOX,7701.47,-0.006004,https://finance.yahoo.com/quote/%5ESOX,2026-07-20T21:56:17+09:00
2026-01-15,SOX,7837.3,0.017637,https://finance.yahoo.com/quote/%5ESOX,2026-07-20T21:56:17+09:00
2026-01-16,SOX,7927.41,0.011498,https://finance.yahoo.com/quote/%5ESOX,2026-07-20T21:56:17+09:00
2026-01-20,SOX,7794.19,-0.016805,https://finance.yahoo.com/quote/%5ESOX,2026-07-20T21:56:17+09:00
2026-01-21,SOX,8042.07,0.031803,https://finance.yahoo.com/quote/%5ESOX,2026-07-20T21:56:17+09:00
2026-01-22,SOX,8055.17,0.001629,https://finance.yahoo.com/quote/%5ESOX,2026-07-20T21:56:17+09:00
2026-01-23,SOX,7957.93,-0.012072,https://finance.yahoo.com/quote/%5ESOX,2026-07-20T21:56:17+09:00
2026-01-26,SOX,7927.04,-0.003882,https://finance.yahoo.com/quote/%5ESOX,2026-07-20T21:56:17+09:00
2026-01-27,SOX,8117.18,0.023986,https://finance.yahoo.com/quote/%5ESOX,2026-07-20T21:56:17+09:00
2026-01-28,SOX,8306.74,0.023353,https://finance.yahoo.com/quote/%5ESOX,2026-07-20T21:56:17+09:00
2026-01-29,SOX,8320.39,0.001643,https://finance.yahoo.com/quote/%5ESOX,2026-07-20T21:56:17+09:00
2026-01-30,SOX,7998.47,-0.03869,https://finance.yahoo.com/quote/%5ESOX,2026-07-20T21:56:17+09:00
2026-02-02,SOX,8134.49,0.017006,https://finance.yahoo.com/quote/%5ESOX,2026-07-20T21:56:17+09:00
2026-02-03,SOX,7966.33,-0.020672,https://finance.yahoo.com/quote/%5ESOX,2026-07-20T21:56:17+09:00
2026-02-04,SOX,7619.16,-0.04358,https://finance.yahoo.com/quote/%5ESOX,2026-07-20T21:56:17+09:00
2026-02-05,SOX,7614.64,-0.000593,https://finance.yahoo.com/quote/%5ESOX,2026-07-20T21:56:17+09:00
2026-02-06,SOX,8048.62,0.056993,https://finance.yahoo.com/quote/%5ESOX,2026-07-20T21:56:17+09:00
2026-02-09,SOX,8162.58,0.014159,https://finance.yahoo.com/quote/%5ESOX,2026-07-20T21:56:17+09:00
2026-02-10,SOX,8107.13,-0.006793,https://finance.yahoo.com/quote/%5ESOX,2026-07-20T21:56:17+09:00
2026-02-11,SOX,8291.86,0.022786,https://finance.yahoo.com/quote/%5ESOX,2026-07-20T21:56:17+09:00
2026-02-12,SOX,8084.7,-0.024984,https://finance.yahoo.com/quote/%5ESOX,2026-07-20T21:56:17+09:00
2026-02-13,SOX,8137.86,0.006575,https://finance.yahoo.com/quote/%5ESOX,2026-07-20T21:56:17+09:00
2026-02-17,SOX,8136.05,-0.000222,https://finance.yahoo.com/quote/%5ESOX,2026-07-20T21:56:17+09:00
2026-02-18,SOX,8214.35,0.009624,https://finance.yahoo.com/quote/%5ESOX,2026-07-20T21:56:17+09:00
2026-02-19,SOX,8173.3,-0.004997,https://finance.yahoo.com/quote/%5ESOX,2026-07-20T21:56:17+09:00
2026-02-20,SOX,8260.42,0.010659,https://finance.yahoo.com/quote/%5ESOX,2026-07-20T21:56:17+09:00
2026-02-23,SOX,8213.46,-0.005685,https://finance.yahoo.com/quote/%5ESOX,2026-07-20T21:56:17+09:00
2026-02-24,SOX,8332.34,0.014474,https://finance.yahoo.com/quote/%5ESOX,2026-07-20T21:56:17+09:00
2026-02-25,SOX,8467.43,0.016213,https://finance.yahoo.com/quote/%5ESOX,2026-07-20T21:56:17+09:00
2026-02-26,SOX,8197.26,-0.031907,https://finance.yahoo.com/quote/%5ESOX,2026-07-20T21:56:17+09:00
2026-02-27,SOX,8098.37,-0.012064,https://finance.yahoo.com/quote/%5ESOX,2026-07-20T21:56:17+09:00
2026-03-02,SOX,8137.36,0.004815,https://finance.yahoo.com/quote/%5ESOX,2026-07-20T21:56:17+09:00
2026-03-03,SOX,7764.88,-0.045774,https://finance.yahoo.com/quote/%5ESOX,2026-07-20T21:56:17+09:00
2026-03-04,SOX,7914.48,0.019266,https://finance.yahoo.com/quote/%5ESOX,2026-07-20T21:56:17+09:00
2026-03-05,SOX,7821.76,-0.011715,https://finance.yahoo.com/quote/%5ESOX,2026-07-20T21:56:17+09:00
2026-03-06,SOX,7514.74,-0.039252,https://finance.yahoo.com/quote/%5ESOX,2026-07-20T21:56:17+09:00
2026-03-09,SOX,7810.4,0.039344,https://finance.yahoo.com/quote/%5ESOX,2026-07-20T21:56:17+09:00
2026-03-10,SOX,7865.12,0.007006,https://finance.yahoo.com/quote/%5ESOX,2026-07-20T21:56:17+09:00
2026-03-11,SOX,7914.57,0.006287,https://finance.yahoo.com/quote/%5ESOX,2026-07-20T21:56:17+09:00
2026-03-12,SOX,7643.17,-0.034291,https://finance.yahoo.com/quote/%5ESOX,2026-07-20T21:56:17+09:00
2026-03-13,SOX,7646.64,0.000454,https://finance.yahoo.com/quote/%5ESOX,2026-07-20T21:56:17+09:00
2026-03-16,SOX,7796.24,0.019564,https://finance.yahoo.com/quote/%5ESOX,2026-07-20T21:56:17+09:00
2026-03-17,SOX,7836.83,0.005206,https://finance.yahoo.com/quote/%5ESOX,2026-07-20T21:56:17+09:00
2026-03-18,SOX,7795.13,-0.005321,https://finance.yahoo.com/quote/%5ESOX,2026-07-20T21:56:17+09:00
2026-03-19,SOX,7863.3,0.008745,https://finance.yahoo.com/quote/%5ESOX,2026-07-20T21:56:17+09:00
2026-03-20,SOX,7670.61,-0.024505,https://finance.yahoo.com/quote/%5ESOX,2026-07-20T21:56:17+09:00
2026-03-23,SOX,7773.13,0.013365,https://finance.yahoo.com/quote/%5ESOX,2026-07-20T21:56:17+09:00
2026-03-24,SOX,7872.71,0.012811,https://finance.yahoo.com/quote/%5ESOX,2026-07-20T21:56:17+09:00
2026-03-25,SOX,7967.75,0.012072,https://finance.yahoo.com/quote/%5ESOX,2026-07-20T21:56:17+09:00
2026-03-26,SOX,7585.87,-0.047928,https://finance.yahoo.com/quote/%5ESOX,2026-07-20T21:56:17+09:00
2026-03-27,SOX,7457.67,-0.0169,https://finance.yahoo.com/quote/%5ESOX,2026-07-20T21:56:17+09:00
2026-03-30,SOX,7142.33,-0.042284,https://finance.yahoo.com/quote/%5ESOX,2026-07-20T21:56:17+09:00
2026-03-31,SOX,7588.2,0.062426,https://finance.yahoo.com/quote/%5ESOX,2026-07-20T21:56:17+09:00
2026-04-01,SOX,7802.31,0.028216,https://finance.yahoo.com/quote/%5ESOX,2026-07-20T21:56:17+09:00
2026-04-02,SOX,7833.39,0.003983,https://finance.yahoo.com/quote/%5ESOX,2026-07-20T21:56:17+09:00
2026-04-06,SOX,7916.11,0.01056,https://finance.yahoo.com/quote/%5ESOX,2026-07-20T21:56:17+09:00
2026-04-07,SOX,8003.87,0.011086,https://finance.yahoo.com/quote/%5ESOX,2026-07-20T21:56:17+09:00
2026-04-08,SOX,8510.92,0.063351,https://finance.yahoo.com/quote/%5ESOX,2026-07-20T21:56:17+09:00
2026-04-09,SOX,8689.53,0.020986,https://finance.yahoo.com/quote/%5ESOX,2026-07-20T21:56:17+09:00
2026-04-10,SOX,8889.83,0.023051,https://finance.yahoo.com/quote/%5ESOX,2026-07-20T21:56:17+09:00
2026-04-13,SOX,9039.52,0.016838,https://finance.yahoo.com/quote/%5ESOX,2026-07-20T21:56:17+09:00
2026-04-14,SOX,9224.12,0.020422,https://finance.yahoo.com/quote/%5ESOX,2026-07-20T21:56:17+09:00
2026-04-15,SOX,9239.29,0.001645,https://finance.yahoo.com/quote/%5ESOX,2026-07-20T21:56:17+09:00
2026-04-16,SOX,9329.35,0.009747,https://finance.yahoo.com/quote/%5ESOX,2026-07-20T21:56:17+09:00
2026-04-17,SOX,9555.88,0.024281,https://finance.yahoo.com/quote/%5ESOX,2026-07-20T21:56:17+09:00
2026-04-20,SOX,9599.21,0.004534,https://finance.yahoo.com/quote/%5ESOX,2026-07-20T21:56:17+09:00
2026-04-21,SOX,9647.21,0.005,https://finance.yahoo.com/quote/%5ESOX,2026-07-20T21:56:17+09:00
2026-04-22,SOX,9909.27,0.027164,https://finance.yahoo.com/quote/%5ESOX,2026-07-20T21:56:17+09:00
2026-04-23,SOX,10078.57,0.017085,https://finance.yahoo.com/quote/%5ESOX,2026-07-20T21:56:17+09:00
2026-04-24,SOX,10513.66,0.04317,https://finance.yahoo.com/quote/%5ESOX,2026-07-20T21:56:17+09:00
2026-04-27,SOX,10408.04,-0.010046,https://finance.yahoo.com/quote/%5ESOX,2026-07-20T21:56:17+09:00
2026-04-28,SOX,10035.58,-0.035786,https://finance.yahoo.com/quote/%5ESOX,2026-07-20T21:56:17+09:00
2026-04-29,SOX,10271.3,0.023488,https://finance.yahoo.com/quote/%5ESOX,2026-07-20T21:56:17+09:00
2026-04-30,SOX,10503.7,0.022626,https://finance.yahoo.com/quote/%5ESOX,2026-07-20T21:56:17+09:00
2026-05-01,SOX,10595.34,0.008725,https://finance.yahoo.com/quote/%5ESOX,2026-07-20T21:56:17+09:00
2026-05-04,SOX,10534.66,-0.005727,https://finance.yahoo.com/quote/%5ESOX,2026-07-20T21:56:17+09:00
2026-05-05,SOX,10980.58,0.042329,https://finance.yahoo.com/quote/%5ESOX,2026-07-20T21:56:17+09:00
2026-05-06,SOX,11472.75,0.044822,https://finance.yahoo.com/quote/%5ESOX,2026-07-20T21:56:17+09:00
2026-05-07,SOX,11160.99,-0.027174,https://finance.yahoo.com/quote/%5ESOX,2026-07-20T21:56:17+09:00
2026-05-08,SOX,11775.5,0.055059,https://finance.yahoo.com/quote/%5ESOX,2026-07-20T21:56:17+09:00
2026-05-11,SOX,12081.04,0.025947,https://finance.yahoo.com/quote/%5ESOX,2026-07-20T21:56:17+09:00
2026-05-12,SOX,11717.26,-0.030112,https://finance.yahoo.com/quote/%5ESOX,2026-07-20T21:56:17+09:00
2026-05-13,SOX,12017.98,0.025665,https://finance.yahoo.com/quote/%5ESOX,2026-07-20T21:56:17+09:00
2026-05-14,SOX,12073.78,0.004643,https://finance.yahoo.com/quote/%5ESOX,2026-07-20T21:56:17+09:00
2026-05-15,SOX,11588.46,-0.040196,https://finance.yahoo.com/quote/%5ESOX,2026-07-20T21:56:17+09:00
2026-05-18,SOX,11302.52,-0.024675,https://finance.yahoo.com/quote/%5ESOX,2026-07-20T21:56:17+09:00
2026-05-19,SOX,11305.5,0.000264,https://finance.yahoo.com/quote/%5ESOX,2026-07-20T21:56:17+09:00
2026-05-20,SOX,11813.29,0.044915,https://finance.yahoo.com/quote/%5ESOX,2026-07-20T21:56:17+09:00
2026-05-21,SOX,11964.08,0.012764,https://finance.yahoo.com/quote/%5ESOX,2026-07-20T21:56:17+09:00
2026-05-22,SOX,12202.54,0.019931,https://finance.yahoo.com/quote/%5ESOX,2026-07-20T21:56:17+09:00
2026-05-26,SOX,12876.91,0.055265,https://finance.yahoo.com/quote/%5ESOX,2026-07-20T21:56:17+09:00
2026-05-27,SOX,12702.19,-0.013568,https://finance.yahoo.com/quote/%5ESOX,2026-07-20T21:56:17+09:00
2026-05-28,SOX,12829.14,0.009994,https://finance.yahoo.com/quote/%5ESOX,2026-07-20T21:56:17+09:00
2026-05-29,SOX,12829.38,1.9e-05,https://finance.yahoo.com/quote/%5ESOX,2026-07-20T21:56:17+09:00
2026-06-01,SOX,12965.65,0.010622,https://finance.yahoo.com/quote/%5ESOX,2026-07-20T21:56:17+09:00
2026-06-02,SOX,13726.27,0.058664,https://finance.yahoo.com/quote/%5ESOX,2026-07-20T21:56:17+09:00
2026-06-03,SOX,13916.96,0.013892,https://finance.yahoo.com/quote/%5ESOX,2026-07-20T21:56:17+09:00
2026-06-04,SOX,13617.5,-0.021518,https://finance.yahoo.com/quote/%5ESOX,2026-07-20T21:56:17+09:00
2026-06-05,SOX,12220.76,-0.10257,https://finance.yahoo.com/quote/%5ESOX,2026-07-20T21:56:17+09:00
2026-06-08,SOX,12906.69,0.056128,https://finance.yahoo.com/quote/%5ESOX,2026-07-20T21:56:17+09:00
2026-06-09,SOX,12657.81,-0.019283,https://finance.yahoo.com/quote/%5ESOX,2026-07-20T21:56:17+09:00
2026-06-10,SOX,12206.46,-0.035658,https://finance.yahoo.com/quote/%5ESOX,2026-07-20T21:56:17+09:00
2026-06-11,SOX,13171.44,0.079055,https://finance.yahoo.com/quote/%5ESOX,2026-07-20T21:56:17+09:00
2026-06-12,SOX,13371.47,0.015187,https://finance.yahoo.com/quote/%5ESOX,2026-07-20T21:56:17+09:00
2026-06-15,SOX,14099.62,0.054456,https://finance.yahoo.com/quote/%5ESOX,2026-07-20T21:56:17+09:00
2026-06-16,SOX,13294.22,-0.057122,https://finance.yahoo.com/quote/%5ESOX,2026-07-20T21:56:17+09:00
2026-06-17,SOX,13477.07,0.013754,https://finance.yahoo.com/quote/%5ESOX,2026-07-20T21:56:17+09:00
2026-06-18,SOX,14341.78,0.064162,https://finance.yahoo.com/quote/%5ESOX,2026-07-20T21:56:17+09:00
2026-06-22,SOX,14634.72,0.020426,https://finance.yahoo.com/quote/%5ESOX,2026-07-20T21:56:17+09:00
2026-06-23,SOX,13482.51,-0.078731,https://finance.yahoo.com/quote/%5ESOX,2026-07-20T21:56:17+09:00
2026-06-24,SOX,13458.2,-0.001803,https://finance.yahoo.com/quote/%5ESOX,2026-07-20T21:56:17+09:00
2026-06-25,SOX,13940.87,0.035864,https://finance.yahoo.com/quote/%5ESOX,2026-07-20T21:56:17+09:00
2026-06-26,SOX,13203.57,-0.052888,https://finance.yahoo.com/quote/%5ESOX,2026-07-20T21:56:17+09:00
2026-06-29,SOX,13709.66,0.03833,https://finance.yahoo.com/quote/%5ESOX,2026-07-20T21:56:17+09:00
2026-06-30,SOX,14246.96,0.039191,https://finance.yahoo.com/quote/%5ESOX,2026-07-20T21:56:17+09:00
2026-07-01,SOX,13353.28,-0.062728,https://finance.yahoo.com/quote/%5ESOX,2026-07-20T21:56:17+09:00
2026-07-02,SOX,12626.22,-0.054448,https://finance.yahoo.com/quote/%5ESOX,2026-07-20T21:56:17+09:00
2026-07-06,SOX,12900.14,0.021695,https://finance.yahoo.com/quote/%5ESOX,2026-07-20T21:56:17+09:00
2026-07-07,SOX,12300.52,-0.046482,https://finance.yahoo.com/quote/%5ESOX,2026-07-20T21:56:17+09:00
2026-07-08,SOX,12574.97,0.022312,https://finance.yahoo.com/quote/%5ESOX,2026-07-20T21:56:17+09:00
2026-07-09,SOX,12960.0,0.030619,https://finance.yahoo.com/quote/%5ESOX,2026-07-20T21:56:17+09:00
2026-07-10,SOX,12967.16,0.000552,https://finance.yahoo.com/quote/%5ESOX,2026-07-20T21:56:17+09:00
2026-07-13,SOX,12347.78,-0.047765,https://finance.yahoo.com/quote/%5ESOX,2026-07-20T21:56:17+09:00
2026-07-14,SOX,12661.93,0.025442,https://finance.yahoo.com/quote/%5ESOX,2026-07-20T21:56:17+09:00
2026-07-15,SOX,12398.89,-0.020774,https://finance.yahoo.com/quote/%5ESOX,2026-07-20T21:56:17+09:00
2026-07-16,SOX,11867.5,-0.042858,https://finance.yahoo.com/quote/%5ESOX,2026-07-20T21:56:17+09:00
2026-07-17,SOX,11673.89,-0.016314,https://finance.yahoo.com/quote/%5ESOX,2026-07-20T21:56:17+09:00
